ATA	T	G	+	ATA	T	G	gain	-21	21	27081725	1242608	T	G	.	.	ALLELEID=1230863;CLNDISDB=MedGen:CN517202;CLNDN=not_provided;CLNHGVS=NC_000021.8:g.27081725T>G;CLNREVSTAT=criteria_provided,_single_submitter;CLNSIG=Benign;CLNVC=single_nucleotide_variant;CLNVCSO=SO:0001483;GENEINFO=JAM2:58494;MC=SO:0001627|intron_variant;ORIGIN=1
AAT	A	G	+	AAT	A	G	gain	-11	21	33040773	14778	A	G	.	.	AF_ESP=0.00015;AF_EXAC=0.00002;ALLELEID=29817;CLNDISDB=MONDO:MONDO:0007103,MedGen:C1862939,OMIM:105400;CLNDN=Amyotrophic_lateral_sclerosis_type_1;CLNHGVS=NC_000021.8:g.33040773A>G;CLNREVSTAT=no_assertion_criteria_provided;CLNSIG=Pathogenic;CLNVC=single_nucleotide_variant;CLNVCSO=SO:0001483;CLNVI=OMIM_Allelic_Variant:147450.0027;GENEINFO=SOD1:6647;MC=SO:0001627|intron_variant;ORIGIN=1;RS=369600566
ATT	T	G	+	ATT	T	G	gain	-10	21	33040774	14770	T	G	.	.	ALLELEID=29809;CLNDISDB=MONDO:MONDO:0007103,MedGen:C1862939,OMIM:105400|MedGen:CN517202;CLNDN=Amyotrophic_lateral_sclerosis_type_1|not_provided;CLNHGVS=NC_000021.8:g.33040774T>G;CLNREVSTAT=criteria_provided,_conflicting_interpretations;CLNSIG=Conflicting_interpretations_of_pathogenicity;CLNSIGCONF=Pathogenic(1)|_Uncertain_significance(1);CLNVC=single_nucleotide_variant;CLNVCSO=SO:0001483;CLNVI=OMIM_Allelic_Variant:147450.0019;GENEINFO=SOD1:6647;MC=SO:0001627|intron_variant;ORIGIN=1;RS=1197141604
CAG	A	G	+	CAG	A	G	loss	-2	21	34715572	1498680	A	G	.	.	ALLELEID=1395581;CLNDISDB=MedGen:CN517202;CLNDN=not_provided;CLNHGVS=NC_000021.8:g.34715572A>G;CLNREVSTAT=criteria_provided,_single_submitter;CLNSIG=Uncertain_significance;CLNVC=single_nucleotide_variant;CLNVCSO=SO:0001483;GENEINFO=IFNAR1:3454;MC=SO:0001574|splice_acceptor_variant;ORIGIN=1
TAG	A	G	+	TAG	A	G	loss	-2	21	34717550	691594	A	G	.	.	ALLELEID=679314;CLNDISDB=MedGen:CN517202;CLNDN=not_provided;CLNHGVS=NC_000021.8:g.34717550A>G;CLNREVSTAT=no_assertion_criteria_provided;CLNSIG=Uncertain_significance;CLNVC=single_nucleotide_variant;CLNVCSO=SO:0001483;CLNVI=OMIM_Allelic_Variant:107450.0001;GENEINFO=IFNAR1:3454;MC=SO:0001574|splice_acceptor_variant;ORIGIN=1;RS=1601861196
AGT	G	A	+	AGT	G	A	loss	-1	21	34717551	691595	G	A	.	.	ALLELEID=679315;CLNDISDB=MedGen:CN517202;CLNDN=not_provided;CLNHGVS=NC_000021.8:g.34717551G>A;CLNREVSTAT=no_assertion_criteria_provided;CLNSIG=Uncertain_significance;CLNVC=single_nucleotide_variant;CLNVCSO=SO:0001483;CLNVI=OMIM_Allelic_Variant:107450.0002;GENEINFO=IFNAR1:3454;MC=SO:0001574|splice_acceptor_variant;ORIGIN=1;RS=1601861199
AGT	G	A	+	AGT	G	A	loss	-1	21	34918518	1323633	G	A	.	.	ALLELEID=1313914;CLNDISDB=MONDO:MONDO:0014936,MedGen:C4310696,OMIM:617140,Orphanet:ORPHA500150;CLNDN=ZTTK_syndrome;CLNHGVS=NC_000021.8:g.34918518G>A;CLNREVSTAT=no_assertion_criteria_provided;CLNSIG=Pathogenic;CLNVC=single_nucleotide_variant;CLNVCSO=SO:0001483;GENEINFO=SON:6651;MC=SO:0001574|splice_acceptor_variant;ORIGIN=1
TAG	A	G	+	TAG	A	G	loss	-2	21	35138177	1209863	A	G	.	.	ALLELEID=1199863;CLNDISDB=Human_Phenotype_Ontology:HP:0000729,MedGen:C0856975;CLNDN=Autistic_behavior;CLNHGVS=NC_000021.8:g.35138177A>G;CLNREVSTAT=criteria_provided,_single_submitter;CLNSIG=Uncertain_significance;CLNVC=single_nucleotide_variant;CLNVCSO=SO:0001483;GENEINFO=ITSN1:6453;MC=SO:0001574|splice_acceptor_variant;ORIGIN=32
ACT	C	G	+	ACT	C	G	gain	-15	21	38844971	383616	C	G	.	.	ALLELEID=377234;CLNDISDB=MedGen:CN169374;CLNDN=not_specified;CLNHGVS=NC_000021.8:g.38844971C>G;CLNREVSTAT=criteria_provided,_single_submitter;CLNSIG=Likely_benign;CLNVC=single_nucleotide_variant;CLNVCSO=SO:0001483;GENEINFO=DYRK1A:1859;MC=SO:0001627|intron_variant;ORIGIN=1;RS=1057521693
AGG	G	A	+	AGG	G	A	neutral	-28	21	38850482	218379	G	A	.	.	ALLELEID=215106;CLNDISDB=MONDO:MONDO:0013578,MedGen:C3279839,OMIM:614104,Orphanet:ORPHA464306|MedGen:CN169374|MedGen:CN517202;CLNDN=DYRK1A-related_intellectual_disability_syndrome|not_specified|not_provided;CLNHGVS=NC_000021.8:g.38850482G>A;CLNREVSTAT=criteria_provided,_conflicting_interpretations;CLNSIG=Conflicting_interpretations_of_pathogenicity;CLNSIGCONF=Uncertain_significance(1)|_Likely_benign(2);CLNVC=single_nucleotide_variant;CLNVCSO=SO:0001483;GENEINFO=DYRK1A:1859;MC=SO:0001574|splice_acceptor_variant,SO:0001627|intron_variant;ORIGIN=1;RS=552103257
AGG	G	C	+	AGG	G	C	loss	-28	21	38850482	998447	G	C	.	.	AF_EXAC=0.00002;AF_TGP=0.00040;ALLELEID=999212;CLNDISDB=MONDO:MONDO:0013578,MedGen:C3279839,OMIM:614104,Orphanet:ORPHA464306|MedGen:CN517202;CLNDN=DYRK1A-related_intellectual_disability_syndrome|not_provided;CLNHGVS=NC_000021.8:g.38850482G>C;CLNREVSTAT=criteria_provided,_multiple_submitters,_no_conflicts;CLNSIG=Uncertain_significance;CLNVC=single_nucleotide_variant;CLNVCSO=SO:0001483;GENEINFO=DYRK1A:1859;MC=SO:0001574|splice_acceptor_variant,SO:0001627|intron_variant;ORIGIN=1;RS=552103257
CAG	A	G	+	CAG	A	G	loss	-2	21	38852938	984756	A	G	.	.	ALLELEID=972838;CLNDISDB=MONDO:MONDO:0100038,MedGen:CN283328;CLNDN=Complex_neurodevelopmental_disorder;CLNHGVS=NC_000021.8:g.38852938A>G;CLNREVSTAT=no_assertion_criteria_provided;CLNSIG=Pathogenic;CLNVC=single_nucleotide_variant;CLNVCSO=SO:0001483;CLNVI=GenomeConnect_-_Simons_Searchlight:15662-x1_1;GENEINFO=DYRK1A:1859;MC=SO:0001574|splice_acceptor_variant;ORIGIN=32;RS=2052604858
AGG	G	T	+	AGG	G	T	loss	-1	21	38852939	981310	G	T	.	.	ALLELEID=969409;CLNDISDB=Human_Phenotype_Ontology:HP:0000730,Human_Phenotype_Ontology:HP:0001249,Human_Phenotype_Ontology:HP:0001267,Human_Phenotype_Ontology:HP:0001286,Human_Phenotype_Ontology:HP:0002122,Human_Phenotype_Ontology:HP:0002192,Human_Phenotype_Ontology:HP:0002316,Human_Phenotype_Ontology:HP:0002382,Human_Phenotype_Ontology:HP:0002386,Human_Phenotype_Ontology:HP:0002402,Human_Phenotype_Ontology:HP:0002458,Human_Phenotype_Ontology:HP:0002482,Human_Phenotype_Ontology:HP:0002499,Human_Phenotype_Ontology:HP:0002543,Human_Phenotype_Ontology:HP:0003767,Human_Phenotype_Ontology:HP:0006833,Human_Phenotype_Ontology:HP:0007154,Human_Phenotype_Ontology:HP:0007176,Human_Phenotype_Ontology:HP:0007180,MONDO:MONDO:0001071,MeSH:D008607,MedGen:C3714756,SNOMED_CT:228156007;CLNDN=Intellectual_disability;CLNHGVS=NC_000021.8:g.38852939G>T;CLNREVSTAT=criteria_provided,_single_submitter;CLNSIG=Pathogenic;CLNVC=single_nucleotide_variant;CLNVCSO=SO:0001483;GENEINFO=DYRK1A:1859;MC=SO:0001574|splice_acceptor_variant;ORIGIN=32;RS=2052604910
AGG	G	A	+	AGG	G	A	neutral	-1	21	38858768	424369	G	A	.	.	ALLELEID=410859;CLNDISDB=MedGen:CN517202;CLNDN=not_provided;CLNHGVS=NC_000021.8:g.38858768G>A;CLNREVSTAT=criteria_provided,_single_submitter;CLNSIG=Pathogenic;CLNVC=single_nucleotide_variant;CLNVCSO=SO:0001483;GENEINFO=DYRK1A:1859;MC=SO:0001574|splice_acceptor_variant;ORIGIN=1;RS=1064796939
CAG	A	G	+	CAG	A	G	loss	-2	21	38862475	373544	A	G	.	.	ALLELEID=360443;CLNDISDB=Human_Phenotype_Ontology:HP:0000730,Human_Phenotype_Ontology:HP:0001249,Human_Phenotype_Ontology:HP:0001267,Human_Phenotype_Ontology:HP:0001286,Human_Phenotype_Ontology:HP:0002122,Human_Phenotype_Ontology:HP:0002192,Human_Phenotype_Ontology:HP:0002316,Human_Phenotype_Ontology:HP:0002382,Human_Phenotype_Ontology:HP:0002386,Human_Phenotype_Ontology:HP:0002402,Human_Phenotype_Ontology:HP:0002458,Human_Phenotype_Ontology:HP:0002482,Human_Phenotype_Ontology:HP:0002499,Human_Phenotype_Ontology:HP:0002543,Human_Phenotype_Ontology:HP:0003767,Human_Phenotype_Ontology:HP:0006833,Human_Phenotype_Ontology:HP:0007154,Human_Phenotype_Ontology:HP:0007176,Human_Phenotype_Ontology:HP:0007180,MONDO:MONDO:0001071,MeSH:D008607,MedGen:C3714756,SNOMED_CT:228156007|MedGen:CN517202;CLNDN=Intellectual_disability|not_provided;CLNHGVS=NC_000021.8:g.38862475A>G;CLNREVSTAT=criteria_provided,_single_submitter;CLNSIG=Pathogenic;CLNVC=single_nucleotide_variant;CLNVCSO=SO:0001483;GENEINFO=DYRK1A:1859;MC=SO:0001574|splice_acceptor_variant;ORIGIN=33;RS=1057518474
AGT	G	T	+	AGT	G	T	loss	-1	21	38862476	1333385	G	T	.	.	ALLELEID=1324158;CLNDISDB=MONDO:MONDO:0013578,MedGen:C3279839,OMIM:614104,Orphanet:ORPHA464306;CLNDN=DYRK1A-related_intellectual_disability_syndrome;CLNHGVS=NC_000021.8:g.38862476G>T;CLNREVSTAT=criteria_provided,_single_submitter;CLNSIG=Likely_pathogenic;CLNVC=single_nucleotide_variant;CLNVCSO=SO:0001483;GENEINFO=DYRK1A:1859;MC=SO:0001574|splice_acceptor_variant;ORIGIN=1
AAT	A	G	+	AAT	A	G	gain	-11	21	38865308	1310694	A	G	.	.	ALLELEID=1301398;CLNDISDB=MedGen:CN517202;CLNDN=not_provided;CLNHGVS=NC_000021.8:g.38865308A>G;CLNREVSTAT=criteria_provided,_single_submitter;CLNSIG=Uncertain_significance;CLNVC=single_nucleotide_variant;CLNVCSO=SO:0001483;GENEINFO=DYRK1A:1859;MC=SO:0001627|intron_variant;ORIGIN=1
AGA	G	C	+	AGA	G	C	loss	-1	21	38865318	1467282	G	C	.	.	ALLELEID=1356789;CLNDISDB=MONDO:MONDO:0013578,MedGen:C3279839,OMIM:614104,Orphanet:ORPHA464306;CLNDN=DYRK1A-related_intellectual_disability_syndrome;CLNHGVS=NC_000021.8:g.38865318G>C;CLNREVSTAT=criteria_provided,_single_submitter;CLNSIG=Likely_pathogenic;CLNVC=single_nucleotide_variant;CLNVCSO=SO:0001483;GENEINFO=DYRK1A:1859;MC=SO:0001574|splice_acceptor_variant;ORIGIN=1
CAG	A	T	+	CAG	A	T	loss	-2	21	38868418	977847	A	T	.	.	ALLELEID=966044;CLNDISDB=MONDO:MONDO:0013578,MedGen:C3279839,OMIM:614104,Orphanet:ORPHA464306;CLNDN=DYRK1A-related_intellectual_disability_syndrome;CLNHGVS=NC_000021.8:g.38868418A>T;CLNREVSTAT=no_assertion_criteria_provided;CLNSIG=Likely_pathogenic;CLNVC=single_nucleotide_variant;CLNVCSO=SO:0001483;GENEINFO=DYRK1A:1859;MC=SO:0001574|splice_acceptor_variant;ORIGIN=0;RS=2053260627
CAG	A	G	+	CAG	A	G	loss	-2	21	38877584	666564	A	G	.	.	ALLELEID=654150;CLNDISDB=MONDO:MONDO:0013578,MedGen:C3279839,OMIM:614104,Orphanet:ORPHA464306;CLNDN=DYRK1A-related_intellectual_disability_syndrome;CLNHGVS=NC_000021.8:g.38877584A>G;CLNREVSTAT=criteria_provided,_multiple_submitters,_no_conflicts;CLNSIG=Pathogenic/Likely_pathogenic;CLNVC=single_nucleotide_variant;CLNVCSO=SO:0001483;GENEINFO=DYRK1A:1859;MC=SO:0001574|splice_acceptor_variant;ORIGIN=33;RS=1601315812
CAG	A	G	+	CAG	A	G	loss	-2	21	38878400	451546	A	G	.	.	ALLELEID=446323;CLNDISDB=MedGen:CN517202;CLNDN=not_provided;CLNHGVS=NC_000021.8:g.38878400A>G;CLNREVSTAT=criteria_provided,_single_submitter;CLNSIG=Likely_pathogenic;CLNVC=single_nucleotide_variant;CLNVCSO=SO:0001483;GENEINFO=DYRK1A:1859;MC=SO:0001574|splice_acceptor_variant,SO:0001627|intron_variant;ORIGIN=1;RS=1555991325
AGA	G	C	+	AGA	G	C	loss	-1	21	45706860	1479068	G	C	.	.	ALLELEID=1426439;CLNDISDB=MONDO:MONDO:0009411,MedGen:C0085859,OMIM:240300,Orphanet:ORPHA3453,SNOMED_CT:11244009;CLNDN=Polyglandular_autoimmune_syndrome,_type_1;CLNHGVS=NC_000021.8:g.45706860G>C;CLNREVSTAT=criteria_provided,_single_submitter;CLNSIG=Likely_pathogenic;CLNVC=single_nucleotide_variant;CLNVCSO=SO:0001483;GENEINFO=AIRE:326;MC=SO:0001574|splice_acceptor_variant;ORIGIN=1
AGC	G	T	+	AGC	G	T	loss	-14	21	45707386	1584500	G	T	.	.	ALLELEID=1592137;CLNDISDB=MONDO:MONDO:0009411,MedGen:C0085859,OMIM:240300,Orphanet:ORPHA3453,SNOMED_CT:11244009;CLNDN=Polyglandular_autoimmune_syndrome,_type_1;CLNHGVS=NC_000021.8:g.45707386G>T;CLNREVSTAT=criteria_provided,_single_submitter;CLNSIG=Likely_benign;CLNVC=single_nucleotide_variant;CLNVCSO=SO:0001483;GENEINFO=AIRE:326;MC=SO:0001627|intron_variant;ORIGIN=1
CAG	A	T	+	CAG	A	T	loss	-2	21	45707398	558066	A	T	.	.	ALLELEID=549285;CLNDISDB=MONDO:MONDO:0009411,MedGen:C0085859,OMIM:240300,Orphanet:ORPHA3453,SNOMED_CT:11244009;CLNDN=Polyglandular_autoimmune_syndrome,_type_1;CLNHGVS=NC_000021.8:g.45707398A>T;CLNREVSTAT=criteria_provided,_single_submitter;CLNSIG=Likely_pathogenic;CLNVC=single_nucleotide_variant;CLNVCSO=SO:0001483;GENEINFO=AIRE:326;MC=SO:0001574|splice_acceptor_variant;ORIGIN=0;RS=1032171597
CAG	A	G	+	CAG	A	G	loss	-2	21	45708226	1522458	A	G	.	.	ALLELEID=1369401;CLNDISDB=MONDO:MONDO:0009411,MedGen:C0085859,OMIM:240300,Orphanet:ORPHA3453,SNOMED_CT:11244009;CLNDN=Polyglandular_autoimmune_syndrome,_type_1;CLNHGVS=NC_000021.8:g.45708226A>G;CLNREVSTAT=criteria_provided,_single_submitter;CLNSIG=Likely_pathogenic;CLNVC=single_nucleotide_variant;CLNVCSO=SO:0001483;GENEINFO=AIRE:326;MC=SO:0001574|splice_acceptor_variant;ORIGIN=1
CGG	G	A	+	CGG	G	A	gain	-15	21	45709525	1625517	G	A	.	.	ALLELEID=1607077;CLNDISDB=MONDO:MONDO:0009411,MedGen:C0085859,OMIM:240300,Orphanet:ORPHA3453,SNOMED_CT:11244009;CLNDN=Polyglandular_autoimmune_syndrome,_type_1;CLNHGVS=NC_000021.8:g.45709525G>A;CLNREVSTAT=criteria_provided,_single_submitter;CLNSIG=Likely_benign;CLNVC=single_nucleotide_variant;CLNVCSO=SO:0001483;GENEINFO=AIRE:326;MC=SO:0001627|intron_variant;ORIGIN=1
ACG	C	A	+	ACG	C	A	gain	-7	21	45712178	1080601	C	A	.	.	ALLELEID=1085760;CLNDISDB=MONDO:MONDO:0009411,MedGen:C0085859,OMIM:240300,Orphanet:ORPHA3453,SNOMED_CT:11244009;CLNDN=Polyglandular_autoimmune_syndrome,_type_1;CLNHGVS=NC_000021.8:g.45712178C>A;CLNREVSTAT=criteria_provided,_single_submitter;CLNSIG=Likely_benign;CLNVC=single_nucleotide_variant;CLNVCSO=SO:0001483;GENEINFO=AIRE:326;MC=SO:0001627|intron_variant;ORIGIN=1
AGC	G	A	+	AGC	G	A	loss	-4	21	45712181	1156312	G	A	.	.	ALLELEID=1149855;CLNDISDB=MONDO:MONDO:0009411,MedGen:C0085859,OMIM:240300,Orphanet:ORPHA3453,SNOMED_CT:11244009;CLNDN=Polyglandular_autoimmune_syndrome,_type_1;CLNHGVS=NC_000021.8:g.45712181G>A;CLNREVSTAT=criteria_provided,_single_submitter;CLNSIG=Likely_benign;CLNVC=single_nucleotide_variant;CLNVCSO=SO:0001483;GENEINFO=AIRE:326;MC=SO:0001627|intron_variant;ORIGIN=1
AGC	G	A	+	AGC	G	A	loss	-1	21	45712875	551625	G	A	.	.	AF_EXAC=0.00001;ALLELEID=549068;CLNDISDB=MONDO:MONDO:0009411,MedGen:C0085859,OMIM:240300,Orphanet:ORPHA3453,SNOMED_CT:11244009;CLNDN=Polyglandular_autoimmune_syndrome,_type_1;CLNHGVS=NC_000021.8:g.45712875G>A;CLNREVSTAT=criteria_provided,_single_submitter;CLNSIG=Pathogenic;CLNVC=single_nucleotide_variant;CLNVCSO=SO:0001483;GENEINFO=AIRE:326;MC=SO:0001574|splice_acceptor_variant;ORIGIN=0;RS=780906602
CAG	A	G	+	CAG	A	G	loss	-2	21	45713670	557079	A	G	.	.	ALLELEID=549434;CLNDISDB=MONDO:MONDO:0009411,MedGen:C0085859,OMIM:240300,Orphanet:ORPHA3453,SNOMED_CT:11244009;CLNDN=Polyglandular_autoimmune_syndrome,_type_1;CLNHGVS=NC_000021.8:g.45713670A>G;CLNREVSTAT=criteria_provided,_single_submitter;CLNSIG=Likely_pathogenic;CLNVC=single_nucleotide_variant;CLNVCSO=SO:0001483;GENEINFO=AIRE:326;MC=SO:0001574|splice_acceptor_variant;ORIGIN=0;RS=1555873087
CAG	A	G	+	CAG	A	G	loss	-2	21	45717537	551748	A	G	.	.	ALLELEID=549436;CLNDISDB=MONDO:MONDO:0009411,MedGen:C0085859,OMIM:240300,Orphanet:ORPHA3453,SNOMED_CT:11244009;CLNDN=Polyglandular_autoimmune_syndrome,_type_1;CLNHGVS=NC_000021.8:g.45717537A>G;CLNREVSTAT=criteria_provided,_single_submitter;CLNSIG=Pathogenic;CLNVC=single_nucleotide_variant;CLNVCSO=SO:0001483;GENEINFO=AIRE:326;MC=SO:0001574|splice_acceptor_variant;ORIGIN=0;RS=1555873650
AGC	G	A	+	AGC	G	A	loss	-1	21	45717538	650125	G	A	.	.	ALLELEID=653579;CLNDISDB=MONDO:MONDO:0009411,MedGen:C0085859,OMIM:240300,Orphanet:ORPHA3453,SNOMED_CT:11244009;CLNDN=Polyglandular_autoimmune_syndrome,_type_1;CLNHGVS=NC_000021.8:g.45717538G>A;CLNREVSTAT=criteria_provided,_single_submitter;CLNSIG=Uncertain_significance;CLNVC=single_nucleotide_variant;CLNVCSO=SO:0001483;GENEINFO=AIRE:326;MC=SO:0001574|splice_acceptor_variant;ORIGIN=1;RS=1601973101
CCG	C	A	+	CCG	C	A	gain	-7	21	46825287	1483679	C	A	.	.	ALLELEID=1458464;CLNDISDB=MedGen:CN517202;CLNDN=not_provided;CLNHGVS=NC_000021.8:g.46825287C>A;CLNREVSTAT=criteria_provided,_single_submitter;CLNSIG=Uncertain_significance;CLNVC=single_nucleotide_variant;CLNVCSO=SO:0001483;GENEINFO=COL18A1:80781;MC=SO:0001627|intron_variant;ORIGIN=1
CAG	A	T	+	CAG	A	T	loss	-2	21	46825292	17115	A	T	.	.	ALLELEID=32154;CLNDISDB=MONDO:MONDO:0009977,MedGen:C4551775,OMIM:267750,Orphanet:ORPHA1571|MedGen:CN517202;CLNDN=Knobloch_syndrome|not_provided;CLNHGVS=NC_000021.8:g.46825292A>T;CLNREVSTAT=criteria_provided,_single_submitter;CLNSIG=Pathogenic;CLNVC=single_nucleotide_variant;CLNVCSO=SO:0001483;CLNVI=OMIM_Allelic_Variant:120328.0001;GENEINFO=COL18A1:80781;MC=SO:0001574|splice_acceptor_variant;ORIGIN=1
CAG	A	G	+	CAG	A	G	loss	-2	21	46897323	373962	A	G	.	.	AF_EXAC=0.00001;ALLELEID=361067;CLNDISDB=Human_Phenotype_Ontology:HP:0000518,MONDO:MONDO:0005129,MeSH:D002386,MedGen:C0086543,OMIM:PS116200|Human_Phenotype_Ontology:HP:0000556,Human_Phenotype_Ontology:HP:0007736,Human_Phenotype_Ontology:HP:0007910,Human_Phenotype_Ontology:HP:0007974,Human_Phenotype_Ontology:HP:0007982,MONDO:MONDO:0019118,MeSH:D058499,MedGen:C0854723,Orphanet:ORPHA71862,SNOMED_CT:314407005|Human_Phenotype_Ontology:HP:0000569,Human_Phenotype_Ontology:HP:0011003,MedGen:C0271183|Human_Phenotype_Ontology:HP:0000639,MONDO:MONDO:0004843,MedGen:C0028738|MedGen:CN517202;CLNDN=Cataract|Retinal_dystrophy|High_myopia|Nystagmus|not_provided;CLNHGVS=NC_000021.8:g.46897323A>G;CLNREVSTAT=criteria_provided,_single_submitter;CLNSIG=Pathogenic;CLNVC=single_nucleotide_variant;CLNVCSO=SO:0001483;GENEINFO=COL18A1:80781;MC=SO:0001574|splice_acceptor_variant;ORIGIN=1;RS=765919785
CAG	A	G	+	CAG	A	G	loss	-31	21	46899953	1241925	A	G	.	.	ALLELEID=1232700;CLNDISDB=MedGen:CN517202;CLNDN=not_provided;CLNHGVS=NC_000021.8:g.46899953A>G;CLNREVSTAT=criteria_provided,_single_submitter;CLNSIG=Benign;CLNVC=single_nucleotide_variant;CLNVCSO=SO:0001483;GENEINFO=COL18A1:80781;MC=SO:0001627|intron_variant;ORIGIN=1
CGG	G	A	+	CGG	G	A	gain	-15	21	46900366	1350423	G	A	.	.	ALLELEID=1469383;CLNDISDB=MedGen:CN517202;CLNDN=not_provided;CLNHGVS=NC_000021.8:g.46900366G>A;CLNREVSTAT=criteria_provided,_single_submitter;CLNSIG=Uncertain_significance;CLNVC=single_nucleotide_variant;CLNVCSO=SO:0001483;GENEINFO=COL18A1:80781;MC=SO:0001627|intron_variant;ORIGIN=1
TCG	C	A	+	TCG	C	A	gain	-13	21	46900601	1659820	C	A	.	.	ALLELEID=1606191;CLNDISDB=MedGen:CN517202;CLNDN=not_provided;CLNHGVS=NC_000021.8:g.46900601C>A;CLNREVSTAT=criteria_provided,_single_submitter;CLNSIG=Likely_benign;CLNVC=single_nucleotide_variant;CLNVCSO=SO:0001483;GENEINFO=COL18A1:80781;MC=SO:0001627|intron_variant;ORIGIN=1
ACG	C	A	+	ACG	C	A	gain	-23	21	46907338	261894	C	A	.	.	AF_ESP=0.11336;AF_TGP=0.13578;ALLELEID=257491;CLNDISDB=MedGen:CN169374|MedGen:CN517202;CLNDN=not_specified|not_provided;CLNHGVS=NC_000021.8:g.46907338C>A;CLNREVSTAT=criteria_provided,_multiple_submitters,_no_conflicts;CLNSIG=Benign;CLNVC=single_nucleotide_variant;CLNVCSO=SO:0001483;GENEINFO=COL18A1:80781;MC=SO:0001627|intron_variant;ORIGIN=1;RS=73370824
CAG	A	G	+	CAG	A	G	loss	-2	21	46908330	438060	A	G	.	.	AF_EXAC=0.00001;ALLELEID=431814;CLNDISDB=Human_Phenotype_Ontology:HP:0000556,Human_Phenotype_Ontology:HP:0007736,Human_Phenotype_Ontology:HP:0007910,Human_Phenotype_Ontology:HP:0007974,Human_Phenotype_Ontology:HP:0007982,MONDO:MONDO:0019118,MeSH:D058499,MedGen:C0854723,Orphanet:ORPHA71862,SNOMED_CT:314407005|MedGen:CN517202;CLNDN=Retinal_dystrophy|not_provided;CLNHGVS=NC_000021.8:g.46908330A>G;CLNREVSTAT=criteria_provided,_single_submitter;CLNSIG=Likely_pathogenic;CLNVC=single_nucleotide_variant;CLNVCSO=SO:0001483;GENEINFO=COL18A1:80781;MC=SO:0001574|splice_acceptor_variant;ORIGIN=1;RS=778612831
AGG	G	C	+	AGG	G	C	loss	-1	21	46909399	591304	G	C	.	.	ALLELEID=582297;CLNDISDB=MedGen:CN517202;CLNDN=not_provided;CLNHGVS=NC_000021.8:g.46909399G>C;CLNREVSTAT=no_assertion_criteria_provided;CLNSIG=Uncertain_significance;CLNVC=single_nucleotide_variant;CLNVCSO=SO:0001483;GENEINFO=COL18A1:80781;MC=SO:0001574|splice_acceptor_variant;ORIGIN=1;RS=1568919581
CGG	G	A	+	CGG	G	A	gain	-19	21	46913058	1640324	G	A	.	.	ALLELEID=1626002;CLNDISDB=MedGen:CN517202;CLNDN=not_provided;CLNHGVS=NC_000021.8:g.46913058G>A;CLNREVSTAT=criteria_provided,_single_submitter;CLNSIG=Likely_benign;CLNVC=single_nucleotide_variant;CLNVCSO=SO:0001483;GENEINFO=COL18A1:80781;MC=SO:0001627|intron_variant;ORIGIN=1
GGG	G	A	+	GGG	G	A	gain	-17	21	46917496	1555856	G	A	.	.	ALLELEID=1626730;CLNDISDB=MedGen:CN517202;CLNDN=not_provided;CLNHGVS=NC_000021.8:g.46917496G>A;CLNREVSTAT=criteria_provided,_single_submitter;CLNSIG=Likely_benign;CLNVC=single_nucleotide_variant;CLNVCSO=SO:0001483;GENEINFO=COL18A1:80781;MC=SO:0001627|intron_variant;ORIGIN=1
CAG	A	G	+	CAG	A	G	loss	-2	21	46917511	1492041	A	G	.	.	ALLELEID=1446272;CLNDISDB=MedGen:CN517202;CLNDN=not_provided;CLNHGVS=NC_000021.8:g.46917511A>G;CLNREVSTAT=criteria_provided,_single_submitter;CLNSIG=Likely_pathogenic;CLNVC=single_nucleotide_variant;CLNVCSO=SO:0001483;GENEINFO=COL18A1:80781;MC=SO:0001574|splice_acceptor_variant;ORIGIN=1
CGG	G	A	+	CGG	G	A	gain	-19	21	46932083	1633194	G	A	.	.	ALLELEID=1598120;CLNDISDB=MedGen:CN517202;CLNDN=not_provided;CLNHGVS=NC_000021.8:g.46932083G>A;CLNREVSTAT=criteria_provided,_single_submitter;CLNSIG=Likely_benign;CLNVC=single_nucleotide_variant;CLNVCSO=SO:0001483;GENEINFO=SLC19A1:6573|COL18A1:80781;MC=SO:0001627|intron_variant;ORIGIN=1
CGG	G	A	+	CGG	G	A	gain	-14	21	46932088	1638428	G	A	.	.	ALLELEID=1624114;CLNDISDB=MedGen:CN517202;CLNDN=not_provided;CLNHGVS=NC_000021.8:g.46932088G>A;CLNREVSTAT=criteria_provided,_single_submitter;CLNSIG=Likely_benign;CLNVC=single_nucleotide_variant;CLNVCSO=SO:0001483;GENEINFO=SLC19A1:6573|COL18A1:80781;MC=SO:0001627|intron_variant;ORIGIN=1
CGG	G	A	+	CGG	G	A	gain	-6	21	47402542	283325	G	A	.	.	ALLELEID=267562;CLNDISDB=MONDO:MONDO:0024530,MedGen:CN029274,OMIM:158810|MedGen:CN517202;CLNDN=Bethlem_myopathy_1|not_provided;CLNHGVS=NC_000021.8:g.47402542G>A;CLNREVSTAT=criteria_provided,_multiple_submitters,_no_conflicts;CLNSIG=Uncertain_significance;CLNVC=single_nucleotide_variant;CLNVCSO=SO:0001483;GENEINFO=COL6A1:1291;MC=SO:0001627|intron_variant;ORIGIN=1;RS=886042599
AAC	A	G	+	AAC	A	G	gain	-13	21	47406845	1603494	A	G	.	.	ALLELEID=1524568;CLNDISDB=MONDO:MONDO:0024530,MedGen:CN029274,OMIM:158810;CLNDN=Bethlem_myopathy_1;CLNHGVS=NC_000021.8:g.47406845A>G;CLNREVSTAT=criteria_provided,_single_submitter;CLNSIG=Likely_benign;CLNVC=single_nucleotide_variant;CLNVCSO=SO:0001483;GENEINFO=COL6A1:1291;MC=SO:0001627|intron_variant;ORIGIN=1
CAG	A	G	+	CAG	A	G	loss	-2	21	47407411	1457711	A	G	.	.	ALLELEID=608971;CLNDISDB=MONDO:MONDO:0024530,MedGen:CN029274,OMIM:158810;CLNDN=Bethlem_myopathy_1;CLNHGVS=NC_000021.8:g.47407411A>G;CLNREVSTAT=criteria_provided,_single_submitter;CLNSIG=Pathogenic;CLNVC=single_nucleotide_variant;CLNVCSO=SO:0001483;GENEINFO=COL6A1:1291;MC=SO:0001574|splice_acceptor_variant;ORIGIN=1
CAG	A	C	+	CAG	A	C	loss	-2	21	47408996	971352	A	C	.	.	ALLELEID=960954;CLNDISDB=MONDO:MONDO:0024530,MedGen:CN029274,OMIM:158810;CLNDN=Bethlem_myopathy_1;CLNHGVS=NC_000021.8:g.47408996A>C;CLNREVSTAT=criteria_provided,_single_submitter;CLNSIG=Likely_pathogenic;CLNVC=single_nucleotide_variant;CLNVCSO=SO:0001483;GENEINFO=COL6A1:1291;MC=SO:0001574|splice_acceptor_variant;ORIGIN=1;RS=398123639
CAG	A	G	+	CAG	A	G	loss	-2	21	47408996	93888	A	G	.	.	ALLELEID=99790;CLNDISDB=MONDO:MONDO:0024530,MedGen:CN029274,OMIM:158810|MedGen:CN517202;CLNDN=Bethlem_myopathy_1|not_provided;CLNHGVS=NC_000021.8:g.47408996A>G;CLNREVSTAT=criteria_provided,_multiple_submitters,_no_conflicts;CLNSIG=Pathogenic;CLNVC=single_nucleotide_variant;CLNVCSO=SO:0001483;GENEINFO=COL6A1:1291;MC=SO:0001574|splice_acceptor_variant;ORIGIN=1;RS=398123639
CAG	A	T	+	CAG	A	T	loss	-2	21	47408996	959576	A	T	.	.	ALLELEID=960329;CLNDISDB=MONDO:MONDO:0024530,MedGen:CN029274,OMIM:158810;CLNDN=Bethlem_myopathy_1;CLNHGVS=NC_000021.8:g.47408996A>T;CLNREVSTAT=criteria_provided,_single_submitter;CLNSIG=Likely_pathogenic;CLNVC=single_nucleotide_variant;CLNVCSO=SO:0001483;GENEINFO=COL6A1:1291;MC=SO:0001574|splice_acceptor_variant;ORIGIN=1;RS=398123639
AGG	G	C	+	AGG	G	C	loss	-1	21	47409521	497161	G	C	.	.	ALLELEID=488585;CLNDISDB=MONDO:MONDO:0024530,MedGen:CN029274,OMIM:158810|MedGen:CN517202;CLNDN=Bethlem_myopathy_1|not_provided;CLNHGVS=NC_000021.8:g.47409521G>C;CLNREVSTAT=criteria_provided,_multiple_submitters,_no_conflicts;CLNSIG=Pathogenic/Likely_pathogenic;CLNVC=single_nucleotide_variant;CLNVCSO=SO:0001483;GENEINFO=COL6A1:1291;MC=SO:0001574|splice_acceptor_variant;ORIGIN=1;RS=1556425531
TGG	G	A	+	TGG	G	A	gain	-10	21	47409656	193850	G	A	.	.	ALLELEID=191013;CLNDISDB=MedGen:CN517202;CLNDN=not_provided;CLNHGVS=NC_000021.8:g.47409656G>A;CLNREVSTAT=criteria_provided,_single_submitter;CLNSIG=Uncertain_significance;CLNVC=single_nucleotide_variant;CLNVCSO=SO:0001483;GENEINFO=COL6A1:1291;MC=SO:0001627|intron_variant;ORIGIN=1;RS=794727027
TAG	A	G	+	TAG	A	G	loss	-2	21	47409664	374620	A	G	.	.	ALLELEID=361506;CLNDISDB=MONDO:MONDO:0024530,MedGen:CN029274,OMIM:158810|MedGen:CN517202;CLNDN=Bethlem_myopathy_1|not_provided;CLNHGVS=NC_000021.8:g.47409664A>G;CLNREVSTAT=criteria_provided,_multiple_submitters,_no_conflicts;CLNSIG=Pathogenic/Likely_pathogenic;CLNVC=single_nucleotide_variant;CLNVCSO=SO:0001483;GENEINFO=COL6A1:1291;MC=SO:0001574|splice_acceptor_variant;ORIGIN=1;RS=1057519174
AGG	G	T	+	AGG	G	T	loss	-1	21	47409665	1322140	G	T	.	.	ALLELEID=1312456;CLNDISDB=MedGen:CN517202;CLNDN=not_provided;CLNHGVS=NC_000021.8:g.47409665G>T;CLNREVSTAT=no_assertion_criteria_provided;CLNSIG=Pathogenic;CLNVC=single_nucleotide_variant;CLNVCSO=SO:0001483;GENEINFO=COL6A1:1291;MC=SO:0001574|splice_acceptor_variant;ORIGIN=1
AGG	G	A	+	AGG	G	A	neutral	-1	21	47410171	17170	G	A	.	.	ALLELEID=32209;CLNDISDB=MONDO:MONDO:0024530,MedGen:CN029274,OMIM:158810|MedGen:CN517202;CLNDN=Bethlem_myopathy_1|not_provided;CLNHGVS=NC_000021.8:g.47410171G>A;CLNREVSTAT=criteria_provided,_single_submitter;CLNSIG=Pathogenic;CLNVC=single_nucleotide_variant;CLNVCSO=SO:0001483;CLNVI=OMIM_Allelic_Variant:120220.0002;GENEINFO=COL6A1:1291;MC=SO:0001574|splice_acceptor_variant;ORIGIN=1;RS=886042354
AGG	G	C	+	AGG	G	C	loss	-1	21	47410171	290490	G	C	.	.	ALLELEID=274727;CLNDISDB=MONDO:MONDO:0024530,MedGen:CN029274,OMIM:158810|MedGen:CN517202;CLNDN=Bethlem_myopathy_1|not_provided;CLNHGVS=NC_000021.8:g.47410171G>C;CLNREVSTAT=criteria_provided,_multiple_submitters,_no_conflicts;CLNSIG=Pathogenic;CLNVC=single_nucleotide_variant;CLNVCSO=SO:0001483;GENEINFO=COL6A1:1291;MC=SO:0001574|splice_acceptor_variant;ORIGIN=1;RS=886042354
CAG	A	G	+	CAG	A	G	loss	-2	21	47410290	542991	A	G	.	.	ALLELEID=534517;CLNDISDB=MONDO:MONDO:0024530,MedGen:CN029274,OMIM:158810;CLNDN=Bethlem_myopathy_1;CLNHGVS=NC_000021.8:g.47410290A>G;CLNREVSTAT=criteria_provided,_single_submitter;CLNSIG=Pathogenic;CLNVC=single_nucleotide_variant;CLNVCSO=SO:0001483;GENEINFO=COL6A1:1291;MC=SO:0001574|splice_acceptor_variant;ORIGIN=1;RS=1556425717
CAG	A	C	+	CAG	A	C	loss	-2	21	47410685	653239	A	C	.	.	ALLELEID=653176;CLNDISDB=MONDO:MONDO:0024530,MedGen:CN029274,OMIM:158810;CLNDN=Bethlem_myopathy_1;CLNHGVS=NC_000021.8:g.47410685A>C;CLNREVSTAT=criteria_provided,_single_submitter;CLNSIG=Pathogenic;CLNVC=single_nucleotide_variant;CLNVCSO=SO:0001483;GENEINFO=COL6A1:1291;MC=SO:0001574|splice_acceptor_variant;ORIGIN=1;RS=797045477
CAG	A	G	+	CAG	A	G	loss	-2	21	47410685	210745	A	G	.	.	ALLELEID=208723;CLNDISDB=Human_Phenotype_Ontology:HP:0003198,Human_Phenotype_Ontology:HP:0003569,Human_Phenotype_Ontology:HP:0003705,Human_Phenotype_Ontology:HP:0003742,Human_Phenotype_Ontology:HP:0003802,MONDO:MONDO:0005336,MedGen:C0026848|MONDO:MONDO:0024530,MedGen:CN029274,OMIM:158810;CLNDN=Myopathy|Bethlem_myopathy_1;CLNHGVS=NC_000021.8:g.47410685A>G;CLNREVSTAT=criteria_provided,_multiple_submitters,_no_conflicts;CLNSIG=Pathogenic;CLNVC=single_nucleotide_variant;CLNVCSO=SO:0001483;GENEINFO=COL6A1:1291;MC=SO:0001574|splice_acceptor_variant;ORIGIN=1;RS=797045477
AGG	G	A	+	AGG	G	A	neutral	-1	21	47410686	286179	G	A	.	.	ALLELEID=270416;CLNDISDB=MONDO:MONDO:0024530,MedGen:CN029274,OMIM:158810|MedGen:CN517202;CLNDN=Bethlem_myopathy_1|not_provided;CLNHGVS=NC_000021.8:g.47410686G>A;CLNREVSTAT=criteria_provided,_multiple_submitters,_no_conflicts;CLNSIG=Pathogenic;CLNVC=single_nucleotide_variant;CLNVCSO=SO:0001483;GENEINFO=COL6A1:1291;MC=SO:0001574|splice_acceptor_variant;ORIGIN=1;RS=886043330
AGG	G	C	+	AGG	G	C	loss	-1	21	47410686	1180683	G	C	.	.	ALLELEID=1170367;CLNDISDB=Human_Phenotype_Ontology:HP:0003011,Human_Phenotype_Ontology:HP:0003197,Human_Phenotype_Ontology:HP:0003708,MedGen:C4021745;CLNDN=Abnormality_of_the_musculature;CLNHGVS=NC_000021.8:g.47410686G>C;CLNREVSTAT=criteria_provided,_single_submitter;CLNSIG=Pathogenic;CLNVC=single_nucleotide_variant;CLNVCSO=SO:0001483;GENEINFO=COL6A1:1291;MC=SO:0001574|splice_acceptor_variant;ORIGIN=32
AGG	G	T	+	AGG	G	T	loss	-1	21	47410686	654745	G	T	.	.	ALLELEID=653180;CLNDISDB=MONDO:MONDO:0024530,MedGen:CN029274,OMIM:158810;CLNDN=Bethlem_myopathy_1;CLNHGVS=NC_000021.8:g.47410686G>T;CLNREVSTAT=criteria_provided,_single_submitter;CLNSIG=Pathogenic;CLNVC=single_nucleotide_variant;CLNVCSO=SO:0001483;GENEINFO=COL6A1:1291;MC=SO:0001574|splice_acceptor_variant;ORIGIN=1;RS=886043330
CGG	G	A	+	CGG	G	A	gain	-12	21	47411912	93807	G	A	.	.	AF_ESP=0.01891;AF_EXAC=0.01173;AF_TGP=0.01478;ALLELEID=99709;CLNDISDB=MONDO:MONDO:0024530,MedGen:CN029274,OMIM:158810|MONDO:MONDO:0100225,MedGen:CN117976|MedGen:CN169374|MedGen:CN517202;CLNDN=Bethlem_myopathy_1|Collagen_6-related_myopathy|not_specified|not_provided;CLNHGVS=NC_000021.8:g.47411912G>A;CLNREVSTAT=criteria_provided,_multiple_submitters,_no_conflicts;CLNSIG=Benign/Likely_benign;CLNVC=single_nucleotide_variant;CLNVCSO=SO:0001483;CLNVI=Illumina_Laboratory_Services,Illumina:650229;GENEINFO=COL6A1:1291;MC=SO:0001627|intron_variant;ORIGIN=1;RS=115107397
CGG	G	A	+	CGG	G	A	gain	-17	21	47414064	258285	G	A	.	.	AF_ESP=0.00085;AF_EXAC=0.00205;AF_TGP=0.00080;ALLELEID=257532;CLNDISDB=MONDO:MONDO:0024530,MedGen:CN029274,OMIM:158810|MedGen:CN169374;CLNDN=Bethlem_myopathy_1|not_specified;CLNHGVS=NC_000021.8:g.47414064G>A;CLNREVSTAT=criteria_provided,_multiple_submitters,_no_conflicts;CLNSIG=Benign/Likely_benign;CLNVC=single_nucleotide_variant;CLNVCSO=SO:0001483;GENEINFO=COL6A1:1291;MC=SO:0001627|intron_variant;ORIGIN=1;RS=185337381
AGG	G	A	+	AGG	G	A	neutral	-1	21	47418311	577144	G	A	.	.	ALLELEID=571617;CLNDISDB=MONDO:MONDO:0024530,MedGen:CN029274,OMIM:158810;CLNDN=Bethlem_myopathy_1;CLNHGVS=NC_000021.8:g.47418311G>A;CLNREVSTAT=criteria_provided,_single_submitter;CLNSIG=Likely_pathogenic;CLNVC=single_nucleotide_variant;CLNVCSO=SO:0001483;GENEINFO=COL6A1:1291;MC=SO:0001574|splice_acceptor_variant;ORIGIN=1;RS=112814811
CTG	T	A	+	CTG	T	A	gain	-5	21	47418806	597797	T	A	.	.	ALLELEID=588858;CLNDISDB=MedGen:CN517202;CLNDN=not_provided;CLNHGVS=NC_000021.8:g.47418806T>A;CLNREVSTAT=criteria_provided,_single_submitter;CLNSIG=Uncertain_significance;CLNVC=single_nucleotide_variant;CLNVCSO=SO:0001483;GENEINFO=COL6A1:1291;MC=SO:0001627|intron_variant;ORIGIN=1;RS=371587579
AGG	G	A	+	AGG	G	A	neutral	-1	21	47418810	1322141	G	A	.	.	ALLELEID=1312457;CLNDISDB=MedGen:CN517202;CLNDN=not_provided;CLNHGVS=NC_000021.8:g.47418810G>A;CLNREVSTAT=no_assertion_criteria_provided;CLNSIG=Pathogenic;CLNVC=single_nucleotide_variant;CLNVCSO=SO:0001483;GENEINFO=COL6A1:1291;MC=SO:0001574|splice_acceptor_variant;ORIGIN=1
CGG	G	A	+	CGG	G	A	gain	-6	21	47419565	502579	G	A	.	.	AF_EXAC=0.00008;AF_TGP=0.00020;ALLELEID=494002;CLNDISDB=Human_Phenotype_Ontology:HP:0001250,Human_Phenotype_Ontology:HP:0001275,Human_Phenotype_Ontology:HP:0001303,Human_Phenotype_Ontology:HP:0002125,Human_Phenotype_Ontology:HP:0002182,Human_Phenotype_Ontology:HP:0002279,Human_Phenotype_Ontology:HP:0002306,Human_Phenotype_Ontology:HP:0002348,Human_Phenotype_Ontology:HP:0002391,Human_Phenotype_Ontology:HP:0002417,Human_Phenotype_Ontology:HP:0002430,Human_Phenotype_Ontology:HP:0002431,Human_Phenotype_Ontology:HP:0002432,Human_Phenotype_Ontology:HP:0002434,Human_Phenotype_Ontology:HP:0002437,Human_Phenotype_Ontology:HP:0002466,Human_Phenotype_Ontology:HP:0002479,Human_Phenotype_Ontology:HP:0002794,Human_Phenotype_Ontology:HP:0006997,Human_Phenotype_Ontology:HP:0010520,MedGen:C0036572|Human_Phenotype_Ontology:HP:0002079,Human_Phenotype_Ontology:HP:0002319,Human_Phenotype_Ontology:HP:0007026,MedGen:C0344482|Human_Phenotype_Ontology:HP:0003198,Human_Phenotype_Ontology:HP:0003569,Human_Phenotype_Ontology:HP:0003705,Human_Phenotype_Ontology:HP:0003742,Human_Phenotype_Ontology:HP:0003802,MONDO:MONDO:0005336,MedGen:C0026848|Human_Phenotype_Ontology:HP:0012758,MedGen:C4022738|MONDO:MONDO:0024530,MedGen:CN029274,OMIM:158810|MedGen:CN517202;CLNDN=Seizure|Hypoplasia_of_the_corpus_callosum|Myopathy|Neurodevelopmental_delay|Bethlem_myopathy_1|not_provided;CLNHGVS=NC_000021.8:g.47419565G>A;CLNREVSTAT=criteria_provided,_conflicting_interpretations;CLNSIG=Conflicting_interpretations_of_pathogenicity;CLNSIGCONF=Uncertain_significance(2)|_Likely_benign(1);CLNVC=single_nucleotide_variant;CLNVCSO=SO:0001483;GENEINFO=COL6A1:1291;MC=SO:0001627|intron_variant;ORIGIN=5;RS=200334019
AGA	G	T	+	AGA	G	T	loss	-1	21	47421166	568705	G	T	.	.	ALLELEID=573175;CLNDISDB=MONDO:MONDO:0024530,MedGen:CN029274,OMIM:158810;CLNDN=Bethlem_myopathy_1;CLNHGVS=NC_000021.8:g.47421166G>T;CLNREVSTAT=criteria_provided,_single_submitter;CLNSIG=Likely_pathogenic;CLNVC=single_nucleotide_variant;CLNVCSO=SO:0001483;GENEINFO=COL6A1:1291;MC=SO:0001574|splice_acceptor_variant;ORIGIN=1;RS=1569519030
CGG	G	A	+	CGG	G	A	gain	-10	21	47421865	944665	G	A	.	.	AF_EXAC=0.00002;ALLELEID=941268;CLNDISDB=MONDO:MONDO:0024530,MedGen:CN029274,OMIM:158810;CLNDN=Bethlem_myopathy_1;CLNHGVS=NC_000021.8:g.47421865G>A;CLNREVSTAT=criteria_provided,_single_submitter;CLNSIG=Uncertain_significance;CLNVC=single_nucleotide_variant;CLNVCSO=SO:0001483;GENEINFO=COL6A1:1291;MC=SO:0001627|intron_variant;ORIGIN=1;RS=761863286
CGG	G	A	+	CGG	G	A	gain	-18	21	47423016	1600802	G	A	.	.	ALLELEID=1546229;CLNDISDB=MONDO:MONDO:0024530,MedGen:CN029274,OMIM:158810;CLNDN=Bethlem_myopathy_1;CLNHGVS=NC_000021.8:g.47423016G>A;CLNREVSTAT=criteria_provided,_single_submitter;CLNSIG=Benign;CLNVC=single_nucleotide_variant;CLNVCSO=SO:0001483;GENEINFO=COL6A1:1291;MC=SO:0001627|intron_variant;ORIGIN=1
CAG	A	G	+	CAG	A	G	loss	-2	21	47423032	500615	A	G	.	.	ALLELEID=492039;CLNDISDB=MedGen:CN517202;CLNDN=not_provided;CLNHGVS=NC_000021.8:g.47423032A>G;CLNREVSTAT=criteria_provided,_single_submitter;CLNSIG=Pathogenic;CLNVC=single_nucleotide_variant;CLNVCSO=SO:0001483;GENEINFO=COL6A1:1291;MC=SO:0001574|splice_acceptor_variant;ORIGIN=1;RS=940473416
CAG	A	G	+	CAG	A	G	loss	-2	21	47533920	374143	A	G	.	.	ALLELEID=361070;CLNDISDB=Human_Phenotype_Ontology:HP:0003325,Human_Phenotype_Ontology:HP:0008971,MedGen:C1858127|Human_Phenotype_Ontology:HP:0003544,Human_Phenotype_Ontology:HP:0003560,Human_Phenotype_Ontology:HP:0003806,MONDO:MONDO:0020121,MeSH:D009136,MedGen:C0026850,Orphanet:ORPHA98473|Human_Phenotype_Ontology:HP:0005639,MedGen:C1856877|Human_Phenotype_Ontology:HP:0012378,MedGen:C0015672|MONDO:MONDO:0009681,MedGen:C0410179,OMIM:254090|MedGen:CN517202;CLNDN=Limb-girdle_muscle_weakness|Muscular_dystrophy|Hyperextensible_hand_joints|Fatigue|Ullrich_congenital_muscular_dystrophy_1|not_provided;CLNHGVS=NC_000021.8:g.47533920A>G;CLNREVSTAT=criteria_provided,_multiple_submitters,_no_conflicts;CLNSIG=Pathogenic/Likely_pathogenic;CLNVC=single_nucleotide_variant;CLNVCSO=SO:0001483;GENEINFO=COL6A2:1292;MC=SO:0001574|splice_acceptor_variant;ORIGIN=9;RS=1057518925
AGT	G	A	+	AGT	G	A	loss	-1	21	47533921	1459400	G	A	.	.	ALLELEID=1406527;CLNDISDB=MONDO:MONDO:0024530,MedGen:CN029274,OMIM:158810;CLNDN=Bethlem_myopathy_1;CLNHGVS=NC_000021.8:g.47533921G>A;CLNREVSTAT=criteria_provided,_single_submitter;CLNSIG=Pathogenic;CLNVC=single_nucleotide_variant;CLNVCSO=SO:0001483;GENEINFO=COL6A2:1292;MC=SO:0001574|splice_acceptor_variant;ORIGIN=1
AGT	G	C	+	AGT	G	C	loss	-1	21	47533921	643600	G	C	.	.	ALLELEID=653681;CLNDISDB=MONDO:MONDO:0024530,MedGen:CN029274,OMIM:158810;CLNDN=Bethlem_myopathy_1;CLNHGVS=NC_000021.8:g.47533921G>C;CLNREVSTAT=criteria_provided,_single_submitter;CLNSIG=Pathogenic;CLNVC=single_nucleotide_variant;CLNVCSO=SO:0001483;GENEINFO=COL6A2:1292;MC=SO:0001574|splice_acceptor_variant;ORIGIN=1;RS=1601221868
TAG	A	G	+	TAG	A	G	loss	-2	21	47535784	290251	A	G	.	.	ALLELEID=274488;CLNDISDB=MedGen:CN517202;CLNDN=not_provided;CLNHGVS=NC_000021.8:g.47535784A>G;CLNREVSTAT=criteria_provided,_single_submitter;CLNSIG=Pathogenic;CLNVC=single_nucleotide_variant;CLNVCSO=SO:0001483;GENEINFO=COL6A2:1292;MC=SO:0001574|splice_acceptor_variant;ORIGIN=1;RS=886044399
CAG	A	C	+	CAG	A	C	loss	-2	21	47535921	290497	A	C	.	.	ALLELEID=274734;CLNDISDB=MedGen:CN517202;CLNDN=not_provided;CLNHGVS=NC_000021.8:g.47535921A>C;CLNREVSTAT=criteria_provided,_single_submitter;CLNSIG=Pathogenic;CLNVC=single_nucleotide_variant;CLNVCSO=SO:0001483;GENEINFO=COL6A2:1292;MC=SO:0001574|splice_acceptor_variant;ORIGIN=1;RS=886044466
CAG	A	G	+	CAG	A	G	loss	-2	21	47535921	850685	A	G	.	.	ALLELEID=851871;CLNDISDB=MONDO:MONDO:0024530,MedGen:CN029274,OMIM:158810;CLNDN=Bethlem_myopathy_1;CLNHGVS=NC_000021.8:g.47535921A>G;CLNREVSTAT=criteria_provided,_single_submitter;CLNSIG=Pathogenic;CLNVC=single_nucleotide_variant;CLNVCSO=SO:0001483;GENEINFO=COL6A2:1292;MC=SO:0001574|splice_acceptor_variant;ORIGIN=1;RS=886044466
CAG	A	G	+	CAG	A	G	loss	-2	21	47536563	976375	A	G	.	.	ALLELEID=964697;CLNDISDB=MONDO:MONDO:0009681,MedGen:C0410179,OMIM:254090;CLNDN=Ullrich_congenital_muscular_dystrophy_1;CLNHGVS=NC_000021.8:g.47536563A>G;CLNREVSTAT=criteria_provided,_single_submitter;CLNSIG=Likely_pathogenic;CLNVC=single_nucleotide_variant;CLNVCSO=SO:0001483;CLNVI=Institute_of_Human_Genetics,_University_of_Leipzig_Medical_Center:CV_831;GENEINFO=COL6A2:1292;MC=SO:0001574|splice_acceptor_variant;ORIGIN=1;RS=1440070681
CAG	A	G	+	CAG	A	G	loss	-2	21	47536682	520800	A	G	.	.	ALLELEID=512501;CLNDISDB=MeSH:D030342,MedGen:C0950123;CLNDN=Inborn_genetic_diseases;CLNHGVS=NC_000021.8:g.47536682A>G;CLNREVSTAT=criteria_provided,_single_submitter;CLNSIG=Pathogenic;CLNVC=single_nucleotide_variant;CLNVCSO=SO:0001483;GENEINFO=COL6A2:1292;MC=SO:0001574|splice_acceptor_variant;ORIGIN=1;RS=1555873084
AGG	G	A	+	AGG	G	A	neutral	-1	21	47536683	289788	G	A	.	.	ALLELEID=274025;CLNDISDB=MedGen:CN517202;CLNDN=not_provided;CLNHGVS=NC_000021.8:g.47536683G>A;CLNREVSTAT=criteria_provided,_single_submitter;CLNSIG=Likely_pathogenic;CLNVC=single_nucleotide_variant;CLNVCSO=SO:0001483;GENEINFO=COL6A2:1292;MC=SO:0001574|splice_acceptor_variant;ORIGIN=1;RS=886044265
AGG	G	C	+	AGG	G	C	loss	-1	21	47536683	1071804	G	C	.	.	ALLELEID=1064927;CLNDISDB=MONDO:MONDO:0024530,MedGen:CN029274,OMIM:158810;CLNDN=Bethlem_myopathy_1;CLNHGVS=NC_000021.8:g.47536683G>C;CLNREVSTAT=criteria_provided,_single_submitter;CLNSIG=Pathogenic;CLNVC=single_nucleotide_variant;CLNVCSO=SO:0001483;GENEINFO=COL6A2:1292;MC=SO:0001574|splice_acceptor_variant;ORIGIN=1
CAG	A	C	+	CAG	A	C	loss	-2	21	47537312	476446	A	C	.	.	ALLELEID=469763;CLNDISDB=MONDO:MONDO:0024530,MedGen:CN029274,OMIM:158810|MedGen:CN517202;CLNDN=Bethlem_myopathy_1|not_provided;CLNHGVS=NC_000021.8:g.47537312A>C;CLNREVSTAT=criteria_provided,_multiple_submitters,_no_conflicts;CLNSIG=Pathogenic/Likely_pathogenic;CLNVC=single_nucleotide_variant;CLNVCSO=SO:0001483;GENEINFO=COL6A2:1292;MC=SO:0001574|splice_acceptor_variant;ORIGIN=1;RS=1555873356
CAG	A	G	+	CAG	A	G	loss	-2	21	47537312	17163	A	G	.	.	ALLELEID=32202;CLNDISDB=MONDO:MONDO:0024530,MedGen:CN029274,OMIM:158810;CLNDN=Bethlem_myopathy_1;CLNHGVS=NC_000021.8:g.47537312A>G;CLNREVSTAT=criteria_provided,_single_submitter;CLNSIG=Pathogenic;CLNVC=single_nucleotide_variant;CLNVCSO=SO:0001483;CLNVI=OMIM_Allelic_Variant:120240.0009;GENEINFO=COL6A2:1292;MC=SO:0001574|splice_acceptor_variant;ORIGIN=1;RS=1555873356
AGG	G	T	+	AGG	G	T	loss	-1	21	47537313	499673	G	T	.	.	ALLELEID=491097;CLNDISDB=MONDO:MONDO:0024530,MedGen:CN029274,OMIM:158810|MedGen:CN517202;CLNDN=Bethlem_myopathy_1|not_provided;CLNHGVS=NC_000021.8:g.47537313G>T;CLNREVSTAT=criteria_provided,_multiple_submitters,_no_conflicts;CLNSIG=Pathogenic/Likely_pathogenic;CLNVC=single_nucleotide_variant;CLNVCSO=SO:0001483;GENEINFO=COL6A2:1292;MC=SO:0001574|splice_acceptor_variant;ORIGIN=1;RS=1555873358
CAG	A	G	+	CAG	A	G	loss	-2	21	47537786	288842	A	G	.	.	ALLELEID=273079;CLNDISDB=MONDO:MONDO:0024530,MedGen:CN029274,OMIM:158810|MedGen:CN517202;CLNDN=Bethlem_myopathy_1|not_provided;CLNHGVS=NC_000021.8:g.47537786A>G;CLNREVSTAT=criteria_provided,_multiple_submitters,_no_conflicts;CLNSIG=Pathogenic/Likely_pathogenic;CLNVC=single_nucleotide_variant;CLNVCSO=SO:0001483;GENEINFO=COL6A2:1292;MC=SO:0001574|splice_acceptor_variant;ORIGIN=1;RS=886044023
AAC	A	G	+	AAC	A	G	gain	-10	21	47538518	17161	A	G	.	.	ALLELEID=32200;CLNDISDB=MONDO:MONDO:0009681,MedGen:C0410179,OMIM:254090;CLNDN=Ullrich_congenital_muscular_dystrophy_1;CLNHGVS=NC_000021.8:g.47538518A>G;CLNREVSTAT=no_assertion_criteria_provided;CLNSIG=Pathogenic;CLNVC=single_nucleotide_variant;CLNVCSO=SO:0001483;CLNVI=OMIM_Allelic_Variant:120240.0007;GENEINFO=COL6A2:1292;MC=SO:0001627|intron_variant;ORIGIN=1;RS=1568931397
CAG	A	G	+	CAG	A	G	loss	-2	21	47538942	646807	A	G	.	.	ALLELEID=653260;CLNDISDB=MONDO:MONDO:0024530,MedGen:CN029274,OMIM:158810;CLNDN=Bethlem_myopathy_1;CLNHGVS=NC_000021.8:g.47538942A>G;CLNREVSTAT=criteria_provided,_single_submitter;CLNSIG=Likely_pathogenic;CLNVC=single_nucleotide_variant;CLNVCSO=SO:0001483;GENEINFO=COL6A2:1292;MC=SO:0001574|splice_acceptor_variant;ORIGIN=1;RS=1601232289
AGG	G	C	+	AGG	G	C	loss	-1	21	47538943	500620	G	C	.	.	ALLELEID=492044;CLNDISDB=MedGen:CN517202;CLNDN=not_provided;CLNHGVS=NC_000021.8:g.47538943G>C;CLNREVSTAT=criteria_provided,_single_submitter;CLNSIG=Pathogenic;CLNVC=single_nucleotide_variant;CLNVCSO=SO:0001483;GENEINFO=COL6A2:1292;MC=SO:0001574|splice_acceptor_variant;ORIGIN=1;RS=751409618
AGG	G	A	+	AGG	G	A	neutral	-1	21	47540974	594262	G	A	.	.	ALLELEID=585325;CLNDISDB=MedGen:CN517202;CLNDN=not_provided;CLNHGVS=NC_000021.8:g.47540974G>A;CLNREVSTAT=criteria_provided,_multiple_submitters,_no_conflicts;CLNSIG=Pathogenic;CLNVC=single_nucleotide_variant;CLNVCSO=SO:0001483;GENEINFO=COL6A2:1292;MC=SO:0001574|splice_acceptor_variant;ORIGIN=1;RS=1331260332
CAG	A	G	+	CAG	A	G	loss	-2	21	47541468	476452	A	G	.	.	AF_EXAC=0.00001;ALLELEID=471749;CLNDISDB=MONDO:MONDO:0009681,MedGen:C0410179,OMIM:254090|MONDO:MONDO:0024530,MedGen:CN029274,OMIM:158810;CLNDN=Ullrich_congenital_muscular_dystrophy_1|Bethlem_myopathy_1;CLNHGVS=NC_000021.8:g.47541468A>G;CLNREVSTAT=criteria_provided,_single_submitter;CLNSIG=Pathogenic;CLNVC=single_nucleotide_variant;CLNVCSO=SO:0001483;CLNVI=OMIM_Allelic_Variant:120240.0003;GENEINFO=COL6A2:1292;MC=SO:0001574|splice_acceptor_variant;ORIGIN=1;RS=749974929
AGG	G	A	+	AGG	G	A	neutral	-1	21	47542021	93909	G	A	.	.	ALLELEID=99811;CLNDISDB=MedGen:CN517202;CLNDN=not_provided;CLNHGVS=NC_000021.8:g.47542021G>A;CLNREVSTAT=criteria_provided,_single_submitter;CLNSIG=Pathogenic;CLNVC=single_nucleotide_variant;CLNVCSO=SO:0001483;GENEINFO=COL6A2:1292;MC=SO:0001574|splice_acceptor_variant;ORIGIN=1;RS=398123646
AAC	A	G	+	AAC	A	G	gain	-20	21	47542769	1631415	A	G	.	.	ALLELEID=1543826;CLNDISDB=MONDO:MONDO:0024530,MedGen:CN029274,OMIM:158810;CLNDN=Bethlem_myopathy_1;CLNHGVS=NC_000021.8:g.47542769A>G;CLNREVSTAT=criteria_provided,_single_submitter;CLNSIG=Likely_benign;CLNVC=single_nucleotide_variant;CLNVCSO=SO:0001483;GENEINFO=COL6A2:1292;MC=SO:0001627|intron_variant;ORIGIN=1
CAG	A	G	+	CAG	A	G	loss	-30	21	47544769	93919	A	G	.	.	AF_ESP=0.09342;AF_EXAC=0.08368;AF_TGP=0.07568;ALLELEID=99821;CLNDISDB=MedGen:CN169374|MedGen:CN517202;CLNDN=not_specified|not_provided;CLNHGVS=NC_000021.8:g.47544769A>G;CLNREVSTAT=criteria_provided,_multiple_submitters,_no_conflicts;CLNSIG=Benign/Likely_benign;CLNVC=single_nucleotide_variant;CLNVCSO=SO:0001483;GENEINFO=COL6A2:1292;MC=SO:0001627|intron_variant;ORIGIN=1;RS=73382466
AGG	G	A	+	AGG	G	A	neutral	-1	21	47545179	17158	G	A	.	.	ALLELEID=32197;CLNDISDB=MONDO:MONDO:0009681,MedGen:C0410179,OMIM:254090;CLNDN=Ullrich_congenital_muscular_dystrophy_1;CLNHGVS=NC_000021.8:g.47545179G>A;CLNREVSTAT=no_assertion_criteria_provided;CLNSIG=Pathogenic;CLNVC=single_nucleotide_variant;CLNVCSO=SO:0001483;CLNVI=OMIM_Allelic_Variant:120240.0004;GENEINFO=COL6A2:1292;MC=SO:0001574|splice_acceptor_variant;ORIGIN=1;RS=748035948
AGG	G	T	+	AGG	G	T	loss	-1	21	47545179	36917	G	T	.	.	ALLELEID=45578;CLNDISDB=MONDO:MONDO:0009681,MedGen:C0410179,OMIM:254090;CLNDN=Ullrich_congenital_muscular_dystrophy_1;CLNHGVS=NC_000021.8:g.47545179G>T;CLNREVSTAT=no_assertion_criteria_provided;CLNSIG=Pathogenic;CLNVC=single_nucleotide_variant;CLNVCSO=SO:0001483;CLNVI=OMIM_Allelic_Variant:120240.0021;GENEINFO=COL6A2:1292;MC=SO:0001574|splice_acceptor_variant;ORIGIN=1;RS=748035948
CAG	A	G	+	CAG	A	G	loss	-2	21	47545377	1068195	A	G	.	.	ALLELEID=1056653;CLNDISDB=MONDO:MONDO:0024530,MedGen:CN029274,OMIM:158810|MedGen:CN517202;CLNDN=Bethlem_myopathy_1|not_provided;CLNHGVS=NC_000021.8:g.47545377A>G;CLNREVSTAT=criteria_provided,_single_submitter;CLNSIG=Likely_pathogenic;CLNVC=single_nucleotide_variant;CLNVCSO=SO:0001483;GENEINFO=COL6A2:1292;MC=SO:0001574|splice_acceptor_variant;ORIGIN=1
CGG	G	A	+	CGG	G	A	gain	-9	21	47545690	265506	G	A	.	.	AF_EXAC=0.00006;ALLELEID=260246;CLNDISDB=Human_Phenotype_Ontology:HP:0001324,Human_Phenotype_Ontology:HP:0002309,Human_Phenotype_Ontology:HP:0008979,Human_Phenotype_Ontology:HP:0009012,Human_Phenotype_Ontology:HP:0009061,MedGen:C0151786|Human_Phenotype_Ontology:HP:0001374,MedGen:C0019555,SNOMED_CT:48334007|Human_Phenotype_Ontology:HP:0002355,Human_Phenotype_Ontology:HP:0007101,Human_Phenotype_Ontology:HP:0009030,MedGen:C0311394|Human_Phenotype_Ontology:HP:0002527,MedGen:C0085639|Human_Phenotype_Ontology:HP:0003011,Human_Phenotype_Ontology:HP:0003197,Human_Phenotype_Ontology:HP:0003708,MedGen:C4021745|Human_Phenotype_Ontology:HP:0012515,MedGen:C3279725|MONDO:MONDO:0008029,MedGen:C1834674,OMIM:PS158810,Orphanet:ORPHA610|MONDO:MONDO:0009714,MedGen:C1850671,OMIM:255600,Orphanet:ORPHA289380|MONDO:MONDO:0024530,MedGen:CN029274,OMIM:158810|MONDO:MONDO:0100225,MedGen:CN117976|MedGen:CN279278,Orphanet:ORPHA207090|MedGen:CN517202;CLNDN=Muscle_weakness|Congenital_dislocation_of_hip|Difficulty_walking|Falls|Abnormality_of_the_musculature|Hip_flexor_weakness|Bethlem_myopathy|Myosclerosis|Bethlem_myopathy_1|Collagen_6-related_myopathy|Qualitative_or_quantitative_defects_of_collagen_6|not_provided;CLNHGVS=NC_000021.8:g.47545690G>A;CLNREVSTAT=criteria_provided,_conflicting_interpretations;CLNSIG=Conflicting_interpretations_of_pathogenicity;CLNSIGCONF=Pathogenic(10)|_Likely_pathogenic(1)|_Likely_benign(1);CLNVC=single_nucleotide_variant;CLNVCSO=SO:0001483;CLNVI=Illumina_Laboratory_Services,Illumina:206794;GENEINFO=COL6A2:1292;MC=SO:0001627|intron_variant;ORIGIN=1;RS=747900252
TTG	T	A	+	TTG	T	A	gain	-5	21	47773013	211843	T	A	.	.	AF_EXAC=0.00007;ALLELEID=208734;CLNDISDB=MedGen:CN169374;CLNDN=not_specified;CLNHGVS=NC_000021.8:g.47773013T>A;CLNREVSTAT=criteria_provided,_single_submitter;CLNSIG=Uncertain_significance;CLNVC=single_nucleotide_variant;CLNVCSO=SO:0001483;GENEINFO=PCNT:5116;MC=SO:0001627|intron_variant;ORIGIN=1;RS=769237607
CAG	A	G	+	CAG	A	G	loss	-2	21	47773899	436254	A	G	.	.	ALLELEID=430452;CLNDISDB=MONDO:MONDO:0008872,MedGen:C0432246,OMIM:210720,Orphanet:ORPHA2637;CLNDN=Microcephalic_osteodysplastic_primordial_dwarfism_type_II;CLNHGVS=NC_000021.8:g.47773899A>G;CLNREVSTAT=criteria_provided,_single_submitter;CLNSIG=Pathogenic;CLNVC=single_nucleotide_variant;CLNVCSO=SO:0001483;GENEINFO=PCNT:5116;MC=SO:0001574|splice_acceptor_variant;ORIGIN=1;RS=1555954786
CAG	A	C	+	CAG	A	C	loss	-2	21	47801607	285169	A	C	.	.	ALLELEID=269406;CLNDISDB=MedGen:CN517202;CLNDN=not_provided;CLNHGVS=NC_000021.8:g.47801607A>C;CLNREVSTAT=criteria_provided,_single_submitter;CLNSIG=Likely_pathogenic;CLNVC=single_nucleotide_variant;CLNVCSO=SO:0001483;GENEINFO=PCNT:5116;MC=SO:0001574|splice_acceptor_variant;ORIGIN=1;RS=774553297
AGA	G	A	+	AGA	G	A	loss	-1	21	47808656	619502	G	A	.	.	AF_EXAC=0.00001;ALLELEID=610899;CLNDISDB=MONDO:MONDO:0008872,MedGen:C0432246,OMIM:210720,Orphanet:ORPHA2637;CLNDN=Microcephalic_osteodysplastic_primordial_dwarfism_type_II;CLNHGVS=NC_000021.8:g.47808656G>A;CLNREVSTAT=criteria_provided,_single_submitter;CLNSIG=Likely_pathogenic;CLNVC=single_nucleotide_variant;CLNVCSO=SO:0001483;CLNVI=Institute_of_Human_Genetics,_University_of_Leipzig_Medical_Center:CV_varv_388|Service_de_Génétique_Moléculaire,Hôpital_Robert_Debré:104766|OMIM_Allelic_Variant:605925.0013;GENEINFO=PCNT:5116;MC=SO:0001574|splice_acceptor_variant;ORIGIN=5;RS=755084205
AGA	G	C	+	AGA	G	C	loss	-1	21	47808656	1323422	G	C	.	.	ALLELEID=1313707;CLNDISDB=MONDO:MONDO:0008872,MedGen:C0432246,OMIM:210720,Orphanet:ORPHA2637;CLNDN=Microcephalic_osteodysplastic_primordial_dwarfism_type_II;CLNHGVS=NC_000021.8:g.47808656G>C;CLNREVSTAT=no_assertion_criteria_provided;CLNSIG=Pathogenic;CLNVC=single_nucleotide_variant;CLNVCSO=SO:0001483;GENEINFO=PCNT:5116;MC=SO:0001574|splice_acceptor_variant;ORIGIN=1
AAG	A	G	+	AAG	A	G	neutral	-2	21	47811077	1338242	A	G	.	.	ALLELEID=1329250;CLNDISDB=MedGen:CN517202;CLNDN=not_provided;CLNHGVS=NC_000021.8:g.47811077A>G;CLNREVSTAT=criteria_provided,_single_submitter;CLNSIG=Pathogenic;CLNVC=single_nucleotide_variant;CLNVCSO=SO:0001483;GENEINFO=PCNT:5116;MC=SO:0001574|splice_acceptor_variant;ORIGIN=1
CAG	A	G	+	CAG	A	G	loss	-2	21	47817926	1067208	A	G	.	.	ALLELEID=1056655;CLNDISDB=MONDO:MONDO:0008872,MedGen:C0432246,OMIM:210720,Orphanet:ORPHA2637|MedGen:CN517202;CLNDN=Microcephalic_osteodysplastic_primordial_dwarfism_type_II|not_provided;CLNHGVS=NC_000021.8:g.47817926A>G;CLNREVSTAT=criteria_provided,_single_submitter;CLNSIG=Likely_pathogenic;CLNVC=single_nucleotide_variant;CLNVCSO=SO:0001483;GENEINFO=PCNT:5116;MC=SO:0001574|splice_acceptor_variant;ORIGIN=1
AAG	A	C	+	AAG	A	C	loss	-2	21	47832749	1324860	A	C	.	.	ALLELEID=1315124;CLNDISDB=MONDO:MONDO:0008872,MedGen:C0432246,OMIM:210720,Orphanet:ORPHA2637;CLNDN=Microcephalic_osteodysplastic_primordial_dwarfism_type_II;CLNHGVS=NC_000021.8:g.47832749A>C;CLNREVSTAT=no_assertion_criteria_provided;CLNSIG=Likely_pathogenic;CLNVC=single_nucleotide_variant;CLNVCSO=SO:0001483;GENEINFO=PCNT:5116;MC=SO:0001574|splice_acceptor_variant;ORIGIN=1
AAC	A	G	+	AAC	A	G	gain	-4	21	47838114	1309261	A	G	.	.	ALLELEID=1299960;CLNDISDB=MedGen:CN517202;CLNDN=not_provided;CLNHGVS=NC_000021.8:g.47838114A>G;CLNREVSTAT=criteria_provided,_multiple_submitters,_no_conflicts;CLNSIG=Uncertain_significance;CLNVC=single_nucleotide_variant;CLNVCSO=SO:0001483;GENEINFO=PCNT:5116;MC=SO:0001627|intron_variant;ORIGIN=1
AGG	G	A	+	AGG	G	A	neutral	-1	21	47851442	1323424	G	A	.	.	ALLELEID=1313709;CLNDISDB=MONDO:MONDO:0008872,MedGen:C0432246,OMIM:210720,Orphanet:ORPHA2637;CLNDN=Microcephalic_osteodysplastic_primordial_dwarfism_type_II;CLNHGVS=NC_000021.8:g.47851442G>A;CLNREVSTAT=no_assertion_criteria_provided;CLNSIG=Pathogenic;CLNVC=single_nucleotide_variant;CLNVCSO=SO:0001483;GENEINFO=PCNT:5116;MC=SO:0001574|splice_acceptor_variant;ORIGIN=1
AGG	G	C	+	AGG	G	C	loss	-1	21	47851442	1324863	G	C	.	.	ALLELEID=1315127;CLNDISDB=MONDO:MONDO:0008872,MedGen:C0432246,OMIM:210720,Orphanet:ORPHA2637;CLNDN=Microcephalic_osteodysplastic_primordial_dwarfism_type_II;CLNHGVS=NC_000021.8:g.47851442G>C;CLNREVSTAT=no_assertion_criteria_provided;CLNSIG=Likely_pathogenic;CLNVC=single_nucleotide_variant;CLNVCSO=SO:0001483;GENEINFO=PCNT:5116;MC=SO:0001574|splice_acceptor_variant;ORIGIN=1
CAG	A	C	+	CAG	A	C	loss	-2	21	47855815	982268	A	C	.	.	ALLELEID=970383;CLNDISDB=MONDO:MONDO:0008872,MedGen:C0432246,OMIM:210720,Orphanet:ORPHA2637;CLNDN=Microcephalic_osteodysplastic_primordial_dwarfism_type_II;CLNHGVS=NC_000021.8:g.47855815A>C;CLNREVSTAT=criteria_provided,_single_submitter;CLNSIG=Pathogenic;CLNVC=single_nucleotide_variant;CLNVCSO=SO:0001483;GENEINFO=PCNT:5116;MC=SO:0001574|splice_acceptor_variant;ORIGIN=1
