AAG	A	G	-	CTT	T	C	neutral	15	21	27264166	745507	T	C	.	.	ALLELEID=757718;CLNDISDB=Human_Phenotype_Ontology:HP:0002511,Human_Phenotype_Ontology:HP:0006878,Human_Phenotype_Ontology:HP:0007213,MONDO:MONDO:0004975,MedGen:C0002395,SNOMED_CT:26929004|MedGen:CN517202;CLNDN=Alzheimer_disease|not_provided;CLNHGVS=NC_000021.8:g.27264166T>C;CLNREVSTAT=criteria_provided,_single_submitter;CLNSIG=Likely_benign;CLNVC=single_nucleotide_variant;CLNVCSO=SO:0001483;GENEINFO=APP:351;MC=SO:0001819|synonymous_variant;ORIGIN=1;RS=768446605
AAC	A	G	-	GTT	T	C	gain	14	21	27372482	898001	T	C	.	.	ALLELEID=886662;CLNDISDB=Human_Phenotype_Ontology:HP:0002511,Human_Phenotype_Ontology:HP:0006878,Human_Phenotype_Ontology:HP:0007213,MONDO:MONDO:0004975,MedGen:C0002395,SNOMED_CT:26929004;CLNDN=Alzheimer_disease;CLNHGVS=NC_000021.8:g.27372482T>C;CLNREVSTAT=criteria_provided,_single_submitter;CLNSIG=Uncertain_significance;CLNVC=single_nucleotide_variant;CLNVCSO=SO:0001483;CLNVI=Illumina_Laboratory_Services,Illumina:716306;GENEINFO=APP:351;MC=SO:0001583|missense_variant,SO:0001627|intron_variant;ORIGIN=1;RS=1371336849
CAG	A	G	-	CTG	T	C	loss	7	21	27423487	546904	T	C	.	.	ALLELEID=537393;CLNDISDB=MedGen:CN517202;CLNDN=not_provided;CLNHGVS=NC_000021.8:g.27423487T>C;CLNREVSTAT=criteria_provided,_single_submitter;CLNSIG=Uncertain_significance;CLNVC=single_nucleotide_variant;CLNVCSO=SO:0001483;GENEINFO=APP:351;MC=SO:0001583|missense_variant;ORIGIN=1;RS=1231783932
CAG	A	G	-	CTG	T	C	loss	27	21	33975600	740557	T	C	.	.	ALLELEID=757734;CLNDISDB=MedGen:CN517202;CLNDN=not_provided;CLNHGVS=NC_000021.8:g.33975600T>C;CLNREVSTAT=criteria_provided,_single_submitter;CLNSIG=Likely_benign;CLNVC=single_nucleotide_variant;CLNVCSO=SO:0001483;GENEINFO=CFAP298:56683|CFAP298-TCP10L:110091775;MC=SO:0001619|non-coding_transcript_variant,SO:0001819|synonymous_variant;ORIGIN=1;RS=1601151318
ACG	C	G	-	CGT	G	C	gain	14	21	34018084	1485534	G	C	.	.	ALLELEID=1471881;CLNDISDB=MONDO:MONDO:0014233,MedGen:C3809824,OMIM:615530|MONDO:MONDO:0033362,MedGen:C4479313,OMIM:617389;CLNDN=Early-onset_Parkinson_disease_20|Developmental_and_epileptic_encephalopathy,_53;CLNHGVS=NC_000021.8:g.34018084G>C;CLNREVSTAT=criteria_provided,_single_submitter;CLNSIG=Uncertain_significance;CLNVC=single_nucleotide_variant;CLNVCSO=SO:0001483;GENEINFO=SYNJ1:8867;MC=SO:0001583|missense_variant;ORIGIN=1
AAT	A	G	-	ATT	T	C	gain	8	21	34022635	641996	T	C	.	.	ALLELEID=648906;CLNDISDB=MONDO:MONDO:0014233,MedGen:C3809824,OMIM:615530|MONDO:MONDO:0033362,MedGen:C4479313,OMIM:617389;CLNDN=Early-onset_Parkinson_disease_20|Developmental_and_epileptic_encephalopathy,_53;CLNHGVS=NC_000021.8:g.34022635T>C;CLNREVSTAT=criteria_provided,_single_submitter;CLNSIG=Uncertain_significance;CLNVC=single_nucleotide_variant;CLNVCSO=SO:0001483;GENEINFO=SYNJ1:8867;MC=SO:0001583|missense_variant;ORIGIN=1;RS=1601283648
AGA	G	A	-	TCT	C	T	loss	11	21	34025658	856645	C	T	.	.	AF_EXAC=0.00002;ALLELEID=848693;CLNDISDB=MONDO:MONDO:0014233,MedGen:C3809824,OMIM:615530|MONDO:MONDO:0033362,MedGen:C4479313,OMIM:617389;CLNDN=Early-onset_Parkinson_disease_20|Developmental_and_epileptic_encephalopathy,_53;CLNHGVS=NC_000021.8:g.34025658C>T;CLNREVSTAT=criteria_provided,_single_submitter;CLNSIG=Uncertain_significance;CLNVC=single_nucleotide_variant;CLNVCSO=SO:0001483;GENEINFO=SYNJ1:8867;MC=SO:0001583|missense_variant;ORIGIN=1;RS=546854566
GAG	A	G	-	CTC	T	C	loss	9	21	34030162	1107342	T	C	.	.	ALLELEID=1107343;CLNDISDB=MONDO:MONDO:0014233,MedGen:C3809824,OMIM:615530|MONDO:MONDO:0033362,MedGen:C4479313,OMIM:617389;CLNDN=Early-onset_Parkinson_disease_20|Developmental_and_epileptic_encephalopathy,_53;CLNHGVS=NC_000021.8:g.34030162T>C;CLNREVSTAT=criteria_provided,_single_submitter;CLNSIG=Likely_benign;CLNVC=single_nucleotide_variant;CLNVCSO=SO:0001483;GENEINFO=SYNJ1:8867;MC=SO:0001819|synonymous_variant;ORIGIN=1
AAG	A	G	-	CTT	T	C	neutral	4	21	34037356	569415	T	C	.	.	AF_EXAC=0.00002;ALLELEID=575150;CLNDISDB=MONDO:MONDO:0014233,MedGen:C3809824,OMIM:615530|MONDO:MONDO:0033362,MedGen:C4479313,OMIM:617389;CLNDN=Early-onset_Parkinson_disease_20|Developmental_and_epileptic_encephalopathy,_53;CLNHGVS=NC_000021.8:g.34037356T>C;CLNREVSTAT=criteria_provided,_single_submitter;CLNSIG=Uncertain_significance;CLNVC=single_nucleotide_variant;CLNVCSO=SO:0001483;GENEINFO=SYNJ1:8867;MC=SO:0001583|missense_variant;ORIGIN=1;RS=201485861
AGA	G	A	-	TCT	C	T	loss	25	21	34038441	847083	C	T	.	.	ALLELEID=573749;CLNDISDB=MONDO:MONDO:0014233,MedGen:C3809824,OMIM:615530|MONDO:MONDO:0033362,MedGen:C4479313,OMIM:617389;CLNDN=Early-onset_Parkinson_disease_20|Developmental_and_epileptic_encephalopathy,_53;CLNHGVS=NC_000021.8:g.34038441C>T;CLNREVSTAT=criteria_provided,_single_submitter;CLNSIG=Uncertain_significance;CLNVC=single_nucleotide_variant;CLNVCSO=SO:0001483;GENEINFO=SYNJ1:8867;MC=SO:0001583|missense_variant;ORIGIN=1;RS=1456047190
TCG	C	A	-	CGA	G	T	gain	16	21	34051098	972193	G	T	.	.	ALLELEID=958939;CLNDISDB=MONDO:MONDO:0014233,MedGen:C3809824,OMIM:615530|MONDO:MONDO:0033362,MedGen:C4479313,OMIM:617389;CLNDN=Early-onset_Parkinson_disease_20|Developmental_and_epileptic_encephalopathy,_53;CLNHGVS=NC_000021.8:g.34051098G>T;CLNREVSTAT=criteria_provided,_single_submitter;CLNSIG=Uncertain_significance;CLNVC=single_nucleotide_variant;CLNVCSO=SO:0001483;GENEINFO=SYNJ1:8867;MC=SO:0001583|missense_variant;ORIGIN=1;RS=2041512501
AGT	G	T	-	ACT	C	A	loss	2	21	34058200	1479167	C	A	.	.	ALLELEID=1426538;CLNDISDB=MONDO:MONDO:0014233,MedGen:C3809824,OMIM:615530|MONDO:MONDO:0033362,MedGen:C4479313,OMIM:617389;CLNDN=Early-onset_Parkinson_disease_20|Developmental_and_epileptic_encephalopathy,_53;CLNHGVS=NC_000021.8:g.34058200C>A;CLNREVSTAT=criteria_provided,_single_submitter;CLNSIG=Uncertain_significance;CLNVC=single_nucleotide_variant;CLNVCSO=SO:0001483;GENEINFO=SYNJ1:8867;MC=SO:0001583|missense_variant;ORIGIN=1
AAA	A	G	-	TTT	T	C	gain	13	21	36206882	464000	T	C	.	.	AF_ESP=0.00008;AF_EXAC=0.00002;ALLELEID=470639;CLNDISDB=MONDO:MONDO:0100083,MeSH:C563324,MedGen:C1832388,OMIM:601399;CLNDN=Hereditary_thrombocytopenia_and_hematological_cancer_predisposition_syndrome_associated_with_RUNX1;CLNHGVS=NC_000021.8:g.36206882T>C;CLNREVSTAT=criteria_provided,_single_submitter;CLNSIG=Likely_benign;CLNVC=single_nucleotide_variant;CLNVCSO=SO:0001483;GENEINFO=RUNX1:861;MC=SO:0001819|synonymous_variant;ORIGIN=1;RS=367978995
AAG	A	C	-	CTT	T	G	loss	6	21	36231852	561246	T	G	.	.	ALLELEID=552374;CLNDISDB=MONDO:MONDO:0100083,MeSH:C563324,MedGen:C1832388,OMIM:601399|MedGen:CN517202;CLNDN=Hereditary_thrombocytopenia_and_hematological_cancer_predisposition_syndrome_associated_with_RUNX1|not_provided;CLNHGVS=NC_000021.8:g.36231852T>G;CLNREVSTAT=reviewed_by_expert_panel;CLNSIG=Uncertain_significance;CLNVC=single_nucleotide_variant;CLNVCSO=SO:0001483;CLNVI=ClinGen_Myeloid_Malignancy_Variant_Curation_Expert_Panel:c1eaabe2-0120-42d8-8111-750503fe2b65;GENEINFO=RUNX1:861;MC=SO:0001583|missense_variant;ORIGIN=1;RS=1569061931
GGG	G	A	-	CCC	C	T	gain	14	21	36252995	861043	C	T	.	.	ALLELEID=848775;CLNDISDB=MONDO:MONDO:0100083,MeSH:C563324,MedGen:C1832388,OMIM:601399;CLNDN=Hereditary_thrombocytopenia_and_hematological_cancer_predisposition_syndrome_associated_with_RUNX1;CLNHGVS=NC_000021.8:g.36252995C>T;CLNREVSTAT=criteria_provided,_single_submitter;CLNSIG=Uncertain_significance;CLNVC=single_nucleotide_variant;CLNVCSO=SO:0001483;GENEINFO=RUNX1:861;MC=SO:0001583|missense_variant;ORIGIN=1;RS=373498347
AGT	G	A	-	ACT	C	T	loss	16	21	38132129	529439	C	T	.	.	AF_EXAC=0.00004;ALLELEID=533869;CLNDISDB=MONDO:MONDO:0009666,MedGen:C0268581,OMIM:253270,Orphanet:ORPHA79242;CLNDN=Holocarboxylase_synthetase_deficiency;CLNHGVS=NC_000021.8:g.38132129C>T;CLNREVSTAT=criteria_provided,_single_submitter;CLNSIG=Uncertain_significance;CLNVC=single_nucleotide_variant;CLNVCSO=SO:0001483;GENEINFO=HLCS:3141;MC=SO:0001583|missense_variant,SO:0001619|non-coding_transcript_variant;ORIGIN=1;RS=769446135
GGG	G	A	-	CCC	C	T	gain	5	21	38137449	428585	C	T	.	.	AF_EXAC=0.00001;ALLELEID=420143;CLNDISDB=MONDO:MONDO:0009666,MedGen:C0268581,OMIM:253270,Orphanet:ORPHA79242;CLNDN=Holocarboxylase_synthetase_deficiency;CLNHGVS=NC_000021.8:g.38137449C>T;CLNREVSTAT=criteria_provided,_single_submitter;CLNSIG=Likely_pathogenic;CLNVC=single_nucleotide_variant;CLNVCSO=SO:0001483;GENEINFO=HLCS:3141;MC=SO:0001583|missense_variant,SO:0001619|non-coding_transcript_variant;ORIGIN=0;RS=773398782
CAG	A	C	-	CTG	T	G	loss	23	21	38269425	1154867	T	G	.	.	ALLELEID=1149766;CLNDISDB=MONDO:MONDO:0009666,MedGen:C0268581,OMIM:253270,Orphanet:ORPHA79242;CLNDN=Holocarboxylase_synthetase_deficiency;CLNHGVS=NC_000021.8:g.38269425T>G;CLNREVSTAT=criteria_provided,_single_submitter;CLNSIG=Likely_benign;CLNVC=single_nucleotide_variant;CLNVCSO=SO:0001483;GENEINFO=HLCS:3141;MC=SO:0001619|non-coding_transcript_variant,SO:0001819|synonymous_variant;ORIGIN=1
AGT	G	A	-	ACT	C	T	loss	27	21	40619756	560965	C	T	.	.	ALLELEID=552225;CLNDISDB=Human_Phenotype_Ontology:HP:0000717,MONDO:MONDO:0005260,MedGen:C0004352,OMIM:209850,SNOMED_CT:408856003,SNOMED_CT:43614003;CLNDN=Autistic_disorder;CLNHGVS=NC_000021.8:g.40619756C>T;CLNREVSTAT=criteria_provided,_single_submitter;CLNSIG=Uncertain_significance;CLNVC=single_nucleotide_variant;CLNVCSO=SO:0001483;GENEINFO=BRWD1:54014;MC=SO:0001819|synonymous_variant;ORIGIN=32;RS=918131106
AGA	G	T	-	TCT	C	A	loss	17	21	43808623	1064977	C	A	.	.	ALLELEID=1053404;CLNDISDB=Human_Phenotype_Ontology:HP:0000365,Human_Phenotype_Ontology:HP:0000404,Human_Phenotype_Ontology:HP:0001728,Human_Phenotype_Ontology:HP:0001729,Human_Phenotype_Ontology:HP:0001754,Human_Phenotype_Ontology:HP:0008560,Human_Phenotype_Ontology:HP:0008563,MONDO:MONDO:0005365,MedGen:C1384666;CLNDN=Hearing_impairment;CLNHGVS=NC_000021.8:g.43808623C>A;CLNREVSTAT=criteria_provided,_single_submitter;CLNSIG=Uncertain_significance;CLNVC=single_nucleotide_variant;CLNVCSO=SO:0001483;GENEINFO=TMPRSS3:64699;MC=SO:0001583|missense_variant,SO:0001623|5_prime_UTR_variant;ORIGIN=1
AGA	G	A	-	TCT	C	T	loss	9	21	43896137	653057	C	T	.	.	ALLELEID=649002;CLNDISDB=Human_Phenotype_Ontology:HP:0012265,MONDO:MONDO:0016575,MedGen:C0008780,OMIM:PS244400,Orphanet:ORPHA244;CLNDN=Primary_ciliary_dyskinesia;CLNHGVS=NC_000021.8:g.43896137C>T;CLNREVSTAT=criteria_provided,_single_submitter;CLNSIG=Uncertain_significance;CLNVC=single_nucleotide_variant;CLNVCSO=SO:0001483;GENEINFO=RSPH1:89765;MC=SO:0001583|missense_variant;ORIGIN=1;RS=1057278008
CGG	G	A	-	CCG	C	T	gain	15	21	43896143	227052	C	T	.	.	AF_ESP=0.13886;AF_EXAC=0.15485;AF_TGP=0.08387;ALLELEID=231129;CLNDISDB=Human_Phenotype_Ontology:HP:0012265,MONDO:MONDO:0016575,MedGen:C0008780,OMIM:PS244400,Orphanet:ORPHA244|MONDO:MONDO:0014202,MedGen:C3809634,OMIM:615481|MedGen:CN169374|MedGen:CN517202;CLNDN=Primary_ciliary_dyskinesia|Primary_ciliary_dyskinesia_24|not_specified|not_provided;CLNHGVS=NC_000021.8:g.43896143C>T;CLNREVSTAT=criteria_provided,_multiple_submitters,_no_conflicts;CLNSIG=Benign;CLNVC=single_nucleotide_variant;CLNVCSO=SO:0001483;GENEINFO=RSPH1:89765;MC=SO:0001583|missense_variant;ORIGIN=1;RS=117385282
CAG	A	T	-	CTG	T	A	loss	27	21	43913187	408127	T	A	.	.	AF_EXAC=0.00017;AF_TGP=0.00020;ALLELEID=404244;CLNDISDB=Human_Phenotype_Ontology:HP:0012265,MONDO:MONDO:0016575,MedGen:C0008780,OMIM:PS244400,Orphanet:ORPHA244;CLNDN=Primary_ciliary_dyskinesia;CLNHGVS=NC_000021.8:g.43913187T>A;CLNREVSTAT=criteria_provided,_single_submitter;CLNSIG=Uncertain_significance;CLNVC=single_nucleotide_variant;CLNVCSO=SO:0001483;GENEINFO=RSPH1:89765;MC=SO:0001583|missense_variant,SO:0001627|intron_variant;ORIGIN=1;RS=200861411
CGG	G	A	-	CCG	C	T	gain	12	21	44476980	471360	C	T	.	.	AF_ESP=0.00008;AF_EXAC=0.00005;ALLELEID=470682;CLNDISDB=MONDO:MONDO:0009352,MedGen:C0751202,OMIM:236200,Orphanet:ORPHA394;CLNDN=Classic_homocystinuria;CLNHGVS=NC_000021.8:g.44476980C>T;CLNREVSTAT=criteria_provided,_single_submitter;CLNSIG=Likely_benign;CLNVC=single_nucleotide_variant;CLNVCSO=SO:0001483;GENEINFO=CBS:875;MC=SO:0001819|synonymous_variant;ORIGIN=1;RS=369903148
GTG	T	A	-	CAC	A	T	gain	28	21	44480655	696258	A	T	.	.	AF_EXAC=0.00004;AF_TGP=0.00040;ALLELEID=684908;CLNDISDB=MONDO:MONDO:0009352,MedGen:C0751202,OMIM:236200,Orphanet:ORPHA394;CLNDN=Classic_homocystinuria;CLNHGVS=NC_000021.8:g.44480655A>T;CLNREVSTAT=criteria_provided,_single_submitter;CLNSIG=Likely_benign;CLNVC=single_nucleotide_variant;CLNVCSO=SO:0001483;GENEINFO=CBS:875;MC=SO:0001819|synonymous_variant;ORIGIN=1;RS=573954005
AAG	A	T	-	CTT	T	A	loss	4	21	44484076	1617406	T	A	.	.	ALLELEID=1548483;CLNDISDB=MedGen:C3150344;CLNDN=HYPERHOMOCYSTEINEMIA,_THROMBOTIC,_CBS-RELATED;CLNHGVS=NC_000021.8:g.44484076T>A;CLNREVSTAT=criteria_provided,_single_submitter;CLNSIG=Likely_benign;CLNVC=single_nucleotide_variant;CLNVCSO=SO:0001483;GENEINFO=CBS:875;MC=SO:0001819|synonymous_variant;ORIGIN=1
CAG	A	G	-	CTG	T	C	loss	13	21	44485366	553698	T	C	.	.	ALLELEID=549276;CLNDISDB=MONDO:MONDO:0009352,MedGen:C0751202,OMIM:236200,Orphanet:ORPHA394;CLNDN=Classic_homocystinuria;CLNHGVS=NC_000021.8:g.44485366T>C;CLNREVSTAT=criteria_provided,_multiple_submitters,_no_conflicts;CLNSIG=Uncertain_significance;CLNVC=single_nucleotide_variant;CLNVCSO=SO:0001483;GENEINFO=CBS:875;MC=SO:0001583|missense_variant;ORIGIN=1;RS=1555874803
GGG	G	A	-	CCC	C	T	gain	15	21	44485617	1155038	C	T	.	.	ALLELEID=1149809;CLNDISDB=MONDO:MONDO:0009352,MedGen:C0751202,OMIM:236200,Orphanet:ORPHA394;CLNDN=Classic_homocystinuria;CLNHGVS=NC_000021.8:g.44485617C>T;CLNREVSTAT=criteria_provided,_single_submitter;CLNSIG=Likely_benign;CLNVC=single_nucleotide_variant;CLNVCSO=SO:0001483;GENEINFO=CBS:875;MC=SO:0001819|synonymous_variant;ORIGIN=1
GGG	G	A	-	CCC	C	T	gain	23	21	44485625	643695	C	T	.	.	AF_EXAC=0.00004;ALLELEID=649016;CLNDISDB=MONDO:MONDO:0009352,MedGen:C0751202,OMIM:236200,Orphanet:ORPHA394;CLNDN=Classic_homocystinuria;CLNHGVS=NC_000021.8:g.44485625C>T;CLNREVSTAT=criteria_provided,_single_submitter;CLNSIG=Uncertain_significance;CLNVC=single_nucleotide_variant;CLNVCSO=SO:0001483;GENEINFO=CBS:875;MC=SO:0001583|missense_variant;ORIGIN=1;RS=759402521
GGG	G	A	-	CCC	C	T	gain	7	21	44485783	538704	C	T	.	.	AF_EXAC=0.00023;AF_TGP=0.00060;ALLELEID=533903;CLNDISDB=MONDO:MONDO:0009352,MedGen:C0751202,OMIM:236200,Orphanet:ORPHA394;CLNDN=Classic_homocystinuria;CLNHGVS=NC_000021.8:g.44485783C>T;CLNREVSTAT=criteria_provided,_single_submitter;CLNSIG=Likely_benign;CLNVC=single_nucleotide_variant;CLNVCSO=SO:0001483;GENEINFO=CBS:875;MC=SO:0001819|synonymous_variant;ORIGIN=1;RS=189362155
CAG	A	G	-	CTG	T	C	loss	15	21	44836983	1055487	T	C	.	.	ALLELEID=1051911;CLNDISDB=MONDO:MONDO:0014595,MedGen:C4225360,OMIM:616341;CLNDN=Developmental_and_epileptic_encephalopathy,_30;CLNHGVS=NC_000021.8:g.44836983T>C;CLNREVSTAT=criteria_provided,_single_submitter;CLNSIG=Uncertain_significance;CLNVC=single_nucleotide_variant;CLNVCSO=SO:0001483;GENEINFO=SIK1:150094;MC=SO:0001583|missense_variant;ORIGIN=1
AGG	G	T	-	CCT	C	A	loss	28	21	44837653	1424971	C	A	.	.	ALLELEID=1353478;CLNDISDB=MONDO:MONDO:0014595,MedGen:C4225360,OMIM:616341;CLNDN=Developmental_and_epileptic_encephalopathy,_30;CLNHGVS=NC_000021.8:g.44837653C>A;CLNREVSTAT=criteria_provided,_single_submitter;CLNSIG=Uncertain_significance;CLNVC=single_nucleotide_variant;CLNVCSO=SO:0001483;GENEINFO=SIK1:150094;MC=SO:0001819|synonymous_variant;ORIGIN=1
CGG	G	A	-	CCG	C	T	gain	15	21	44839103	654402	C	T	.	.	ALLELEID=650487;CLNDISDB=MONDO:MONDO:0014595,MedGen:C4225360,OMIM:616341;CLNDN=Developmental_and_epileptic_encephalopathy,_30;CLNHGVS=NC_000021.8:g.44839103C>T;CLNREVSTAT=criteria_provided,_single_submitter;CLNSIG=Uncertain_significance;CLNVC=single_nucleotide_variant;CLNVCSO=SO:0001483;GENEINFO=SIK1:150094;MC=SO:0001819|synonymous_variant;ORIGIN=1;RS=776487308
AGA	G	A	-	TCT	C	T	loss	8	21	44840316	863363	C	T	.	.	AF_EXAC=0.00002;ALLELEID=848846;CLNDISDB=MONDO:MONDO:0014595,MedGen:C4225360,OMIM:616341;CLNDN=Developmental_and_epileptic_encephalopathy,_30;CLNHGVS=NC_000021.8:g.44840316C>T;CLNREVSTAT=criteria_provided,_single_submitter;CLNSIG=Uncertain_significance;CLNVC=single_nucleotide_variant;CLNVCSO=SO:0001483;GENEINFO=SIK1:150094;MC=SO:0001583|missense_variant;ORIGIN=1;RS=758756558
TGG	G	A	-	CCA	C	T	gain	12	21	44840996	1078902	C	T	.	.	ALLELEID=1085737;CLNDISDB=MONDO:MONDO:0014595,MedGen:C4225360,OMIM:616341;CLNDN=Developmental_and_epileptic_encephalopathy,_30;CLNHGVS=NC_000021.8:g.44840996C>T;CLNREVSTAT=criteria_provided,_single_submitter;CLNSIG=Likely_benign;CLNVC=single_nucleotide_variant;CLNVCSO=SO:0001483;GENEINFO=SIK1:150094;MC=SO:0001819|synonymous_variant;ORIGIN=1
AGG	G	A	-	CCT	C	T	neutral	7	21	45919797	1205875	C	T	.	.	ALLELEID=1196243;CLNDISDB=MedGen:CN517202;CLNDN=not_provided;CLNHGVS=NC_000021.8:g.45919797C>T;CLNREVSTAT=criteria_provided,_single_submitter;CLNSIG=Uncertain_significance;CLNVC=single_nucleotide_variant;CLNVCSO=SO:0001483;GENEINFO=TSPEAR:54084;MC=SO:0001583|missense_variant;ORIGIN=1
AGG	G	T	-	CCT	C	A	loss	16	21	45919806	493326	C	A	.	.	ALLELEID=486289;CLNDISDB=MedGen:CN517202;CLNDN=not_provided;CLNHGVS=NC_000021.8:g.45919806C>A;CLNREVSTAT=criteria_provided,_conflicting_interpretations;CLNSIG=Conflicting_interpretations_of_pathogenicity;CLNSIGCONF=Likely_pathogenic(1)|_Uncertain_significance(1);CLNVC=single_nucleotide_variant;CLNVCSO=SO:0001483;GENEINFO=TSPEAR:54084;MC=SO:0001587|nonsense;ORIGIN=1;RS=587717339
TGG	G	A	-	CCA	C	T	gain	27	21	45953804	228051	C	T	.	.	AF_EXAC=0.00001;ALLELEID=231378;CLNDISDB=MedGen:CN169374;CLNDN=not_specified;CLNHGVS=NC_000021.8:g.45953804C>T;CLNREVSTAT=criteria_provided,_single_submitter;CLNSIG=Likely_benign;CLNVC=single_nucleotide_variant;CLNVCSO=SO:0001483;GENEINFO=TSPEAR:54084;MC=SO:0001819|synonymous_variant;ORIGIN=1;RS=782275376
AGT	G	A	-	ACT	C	T	loss	22	21	46308803	963098	C	T	.	.	AF_EXAC=0.00006;AF_TGP=0.00040;ALLELEID=951275;CLNDISDB=MONDO:MONDO:0007293,MedGen:C0398738,OMIM:116920,Orphanet:ORPHA99842;CLNDN=Leukocyte_adhesion_deficiency_1;CLNHGVS=NC_000021.8:g.46308803C>T;CLNREVSTAT=criteria_provided,_single_submitter;CLNSIG=Uncertain_significance;CLNVC=single_nucleotide_variant;CLNVCSO=SO:0001483;GENEINFO=ITGB2:3689;MC=SO:0001583|missense_variant;ORIGIN=1;RS=200894474
AGG	G	A	-	CCT	C	T	neutral	3	21	46320364	727859	C	T	.	.	AF_EXAC=0.00016;AF_TGP=0.00020;ALLELEID=742696;CLNDISDB=MONDO:MONDO:0007293,MedGen:C0398738,OMIM:116920,Orphanet:ORPHA99842|MedGen:CN517202;CLNDN=Leukocyte_adhesion_deficiency_1|not_provided;CLNHGVS=NC_000021.8:g.46320364C>T;CLNREVSTAT=criteria_provided,_conflicting_interpretations;CLNSIG=Conflicting_interpretations_of_pathogenicity;CLNSIGCONF=Uncertain_significance(1)|_Likely_benign(2);CLNVC=single_nucleotide_variant;CLNVCSO=SO:0001483;CLNVI=Illumina_Laboratory_Services,Illumina:900629;GENEINFO=ITGB2:3689;MC=SO:0001819|synonymous_variant;ORIGIN=1;RS=201148219
AGC	G	A	-	GCT	C	T	loss	9	21	46323430	939604	C	T	.	.	AF_EXAC=0.00001;ALLELEID=939149;CLNDISDB=MONDO:MONDO:0007293,MedGen:C0398738,OMIM:116920,Orphanet:ORPHA99842;CLNDN=Leukocyte_adhesion_deficiency_1;CLNHGVS=NC_000021.8:g.46323430C>T;CLNREVSTAT=criteria_provided,_single_submitter;CLNSIG=Uncertain_significance;CLNVC=single_nucleotide_variant;CLNVCSO=SO:0001483;GENEINFO=ITGB2:3689;MC=SO:0001583|missense_variant;ORIGIN=1;RS=777688420
CAG	A	G	-	CTG	T	C	loss	11	21	46323432	1428031	T	C	.	.	ALLELEID=1464186;CLNDISDB=MONDO:MONDO:0007293,MedGen:C0398738,OMIM:116920,Orphanet:ORPHA99842;CLNDN=Leukocyte_adhesion_deficiency_1;CLNHGVS=NC_000021.8:g.46323432T>C;CLNREVSTAT=criteria_provided,_single_submitter;CLNSIG=Uncertain_significance;CLNVC=single_nucleotide_variant;CLNVCSO=SO:0001483;GENEINFO=ITGB2:3689;MC=SO:0001583|missense_variant;ORIGIN=1
CGG	G	A	-	CCG	C	T	gain	15	21	46326996	340179	C	T	.	.	AF_ESP=0.00238;AF_TGP=0.00100;ALLELEID=346662;CLNDISDB=MONDO:MONDO:0007293,MedGen:C0398738,OMIM:116920,Orphanet:ORPHA99842|MedGen:CN517202;CLNDN=Leukocyte_adhesion_deficiency_1|not_provided;CLNHGVS=NC_000021.8:g.46326996C>T;CLNREVSTAT=criteria_provided,_conflicting_interpretations;CLNSIG=Conflicting_interpretations_of_pathogenicity;CLNSIGCONF=Uncertain_significance(1)|_Benign(1);CLNVC=single_nucleotide_variant;CLNVCSO=SO:0001483;CLNVI=Illumina_Laboratory_Services,Illumina:55009;GENEINFO=ITGB2:3689;MC=SO:0001819|synonymous_variant,SO:0001623|5_prime_UTR_variant;ORIGIN=1;RS=138303556
GGG	G	A	-	CCC	C	T	gain	18	21	46326999	723296	C	T	.	.	AF_EXAC=0.00009;ALLELEID=742699;CLNDISDB=MONDO:MONDO:0007293,MedGen:C0398738,OMIM:116920,Orphanet:ORPHA99842;CLNDN=Leukocyte_adhesion_deficiency_1;CLNHGVS=NC_000021.8:g.46326999C>T;CLNREVSTAT=criteria_provided,_conflicting_interpretations;CLNSIG=Conflicting_interpretations_of_pathogenicity;CLNSIGCONF=Uncertain_significance(1)|_Likely_benign(1);CLNVC=single_nucleotide_variant;CLNVCSO=SO:0001483;CLNVI=Illumina_Laboratory_Services,Illumina:1340233;GENEINFO=ITGB2:3689;MC=SO:0001819|synonymous_variant,SO:0001623|5_prime_UTR_variant;ORIGIN=1;RS=200150384
CAG	A	G	-	CTG	T	C	loss	29	21	47556987	975235	T	C	.	.	AF_ESP=0.00023;AF_EXAC=0.00006;ALLELEID=963930;CLNDISDB=Human_Phenotype_Ontology:HP:0000730,Human_Phenotype_Ontology:HP:0001249,Human_Phenotype_Ontology:HP:0001267,Human_Phenotype_Ontology:HP:0001286,Human_Phenotype_Ontology:HP:0002122,Human_Phenotype_Ontology:HP:0002192,Human_Phenotype_Ontology:HP:0002316,Human_Phenotype_Ontology:HP:0002382,Human_Phenotype_Ontology:HP:0002386,Human_Phenotype_Ontology:HP:0002402,Human_Phenotype_Ontology:HP:0002458,Human_Phenotype_Ontology:HP:0002482,Human_Phenotype_Ontology:HP:0002499,Human_Phenotype_Ontology:HP:0002543,Human_Phenotype_Ontology:HP:0003767,Human_Phenotype_Ontology:HP:0006833,Human_Phenotype_Ontology:HP:0007154,Human_Phenotype_Ontology:HP:0007176,Human_Phenotype_Ontology:HP:0007180,MONDO:MONDO:0001071,MeSH:D008607,MedGen:C3714756,SNOMED_CT:228156007;CLNDN=Intellectual_disability;CLNHGVS=NC_000021.8:g.47556987T>C;CLNREVSTAT=no_assertion_criteria_provided;CLNSIG=Likely_benign;CLNVC=single_nucleotide_variant;CLNVCSO=SO:0001483;GENEINFO=FTCD:10841;MC=SO:0001583|missense_variant,SO:0001627|intron_variant;ORIGIN=128;RS=369754449
AGG	G	A	-	CCT	C	T	neutral	22	21	47558553	645399	C	T	.	.	ALLELEID=649132;CLNDISDB=MONDO:MONDO:0009240,MedGen:C0268609,OMIM:229100,Orphanet:ORPHA51208,SNOMED_CT:59761008;CLNDN=Glutamate_formiminotransferase_deficiency;CLNHGVS=NC_000021.8:g.47558553C>T;CLNREVSTAT=criteria_provided,_single_submitter;CLNSIG=Uncertain_significance;CLNVC=single_nucleotide_variant;CLNVCSO=SO:0001483;GENEINFO=FTCD:10841;MC=SO:0001583|missense_variant;ORIGIN=1;RS=1162672679
GGG	G	A	-	CCC	C	T	gain	23	21	47558554	716512	C	T	.	.	ALLELEID=728975;CLNDISDB=MedGen:CN517202;CLNDN=not_provided;CLNHGVS=NC_000021.8:g.47558554C>T;CLNREVSTAT=criteria_provided,_single_submitter;CLNSIG=Likely_benign;CLNVC=single_nucleotide_variant;CLNVCSO=SO:0001483;GENEINFO=FTCD:10841;MC=SO:0001819|synonymous_variant;ORIGIN=1;RS=1413956976
CGG	G	A	-	CCG	C	T	gain	6	21	47565469	340425	C	T	.	.	AF_ESP=0.00075;AF_EXAC=0.00027;ALLELEID=346890;CLNDISDB=MONDO:MONDO:0009240,MedGen:C0268609,OMIM:229100,Orphanet:ORPHA51208,SNOMED_CT:59761008;CLNDN=Glutamate_formiminotransferase_deficiency;CLNHGVS=NC_000021.8:g.47565469C>T;CLNREVSTAT=criteria_provided,_single_submitter;CLNSIG=Likely_benign;CLNVC=single_nucleotide_variant;CLNVCSO=SO:0001483;GENEINFO=FTCD:10841;MC=SO:0001819|synonymous_variant;ORIGIN=1;RS=376986639
AGG	G	A	-	CCT	C	T	neutral	9	21	47571631	1601565	C	T	.	.	ALLELEID=1523511;CLNDISDB=MONDO:MONDO:0009240,MedGen:C0268609,OMIM:229100,Orphanet:ORPHA51208,SNOMED_CT:59761008;CLNDN=Glutamate_formiminotransferase_deficiency;CLNHGVS=NC_000021.8:g.47571631C>T;CLNREVSTAT=criteria_provided,_single_submitter;CLNSIG=Benign;CLNVC=single_nucleotide_variant;CLNVCSO=SO:0001483;GENEINFO=FTCD:10841|FTCD-AS1:100861507;MC=SO:0001619|non-coding_transcript_variant,SO:0001819|synonymous_variant;ORIGIN=1
TGG	G	A	-	CCA	C	T	gain	17	21	47571639	657170	C	T	.	.	ALLELEID=649135;CLNDISDB=MONDO:MONDO:0009240,MedGen:C0268609,OMIM:229100,Orphanet:ORPHA51208,SNOMED_CT:59761008;CLNDN=Glutamate_formiminotransferase_deficiency;CLNHGVS=NC_000021.8:g.47571639C>T;CLNREVSTAT=criteria_provided,_single_submitter;CLNSIG=Uncertain_significance;CLNVC=single_nucleotide_variant;CLNVCSO=SO:0001483;GENEINFO=FTCD:10841|FTCD-AS1:100861507;MC=SO:0001583|missense_variant;ORIGIN=1;RS=532226691
TGG	G	A	-	CCA	C	T	gain	17	21	47572937	1449953	C	T	.	.	ALLELEID=1413135;CLNDISDB=MONDO:MONDO:0009240,MedGen:C0268609,OMIM:229100,Orphanet:ORPHA51208,SNOMED_CT:59761008;CLNDN=Glutamate_formiminotransferase_deficiency;CLNHGVS=NC_000021.8:g.47572937C>T;CLNREVSTAT=criteria_provided,_single_submitter;CLNSIG=Uncertain_significance;CLNVC=single_nucleotide_variant;CLNVCSO=SO:0001483;GENEINFO=FTCD:10841;MC=SO:0001583|missense_variant;ORIGIN=1
CGG	G	A	-	CCG	C	T	gain	9	21	47648493	834068	C	T	.	.	ALLELEID=822319;CLNDISDB=MONDO:MONDO:0030009,MedGen:C5394241,OMIM:618840;CLNDN=Alopecia-intellectual_disability_syndrome_4;CLNHGVS=NC_000021.8:g.47648493C>T;CLNREVSTAT=no_assertion_criteria_provided;CLNSIG=Pathogenic;CLNVC=single_nucleotide_variant;CLNVCSO=SO:0001483;CLNVI=OMIM_Allelic_Variant:600909.0014;GENEINFO=LSS:4047;MC=SO:0001583|missense_variant,SO:0001623|5_prime_UTR_variant;ORIGIN=1;RS=763705074
TGG	G	A	-	CCA	C	T	gain	22	21	47674433	1467120	C	T	.	.	ALLELEID=1346747;CLNDISDB=MedGen:CN517202;CLNDN=not_provided;CLNHGVS=NC_000021.8:g.47674433C>T;CLNREVSTAT=criteria_provided,_single_submitter;CLNSIG=Uncertain_significance;CLNVC=single_nucleotide_variant;CLNVCSO=SO:0001483;GENEINFO=MCM3AP:8888;MC=SO:0001583|missense_variant;ORIGIN=1
GAG	A	C	-	CTC	T	G	loss	14	21	47680805	1434204	T	G	.	.	ALLELEID=1497901;CLNDISDB=MedGen:CN517202;CLNDN=not_provided;CLNHGVS=NC_000021.8:g.47680805T>G;CLNREVSTAT=criteria_provided,_single_submitter;CLNSIG=Uncertain_significance;CLNVC=single_nucleotide_variant;CLNVCSO=SO:0001483;GENEINFO=MCM3AP:8888;MC=SO:0001583|missense_variant;ORIGIN=1
AGA	G	A	-	TCT	C	T	loss	10	21	47703733	707837	C	T	.	.	AF_ESP=0.00038;ALLELEID=728977;CLNDISDB=MedGen:CN517202;CLNDN=not_provided;CLNHGVS=NC_000021.8:g.47703733C>T;CLNREVSTAT=criteria_provided,_multiple_submitters,_no_conflicts;CLNSIG=Likely_benign;CLNVC=single_nucleotide_variant;CLNVCSO=SO:0001483;GENEINFO=MCM3AP:8888;MC=SO:0001819|synonymous_variant;ORIGIN=1;RS=139966669
