CAG	A	G	-	CTG	T	C	loss	-2	21	15538774	1361333	T	C	.	.	ALLELEID=1383705;CLNDISDB=MedGen:CN517202;CLNDN=not_provided;CLNHGVS=NC_000021.8:g.15538774T>C;CLNREVSTAT=criteria_provided,_single_submitter;CLNSIG=Uncertain_significance;CLNVC=single_nucleotide_variant;CLNVCSO=SO:0001483;GENEINFO=LIPI:149998;MC=SO:0001574|splice_acceptor_variant,SO:0001627|intron_variant;ORIGIN=1
AGA	G	A	-	TCT	C	T	loss	-1	21	19687574	1325205	C	T	.	.	ALLELEID=1315463;CLNDISDB=MONDO:MONDO:0009173,MedGen:C0268416,OMIM:226200,Orphanet:ORPHA168601,SNOMED_CT:124498007,SNOMED_CT:190952002;CLNDN=Enterokinase_deficiency;CLNHGVS=NC_000021.8:g.19687574C>T;CLNREVSTAT=no_assertion_criteria_provided;CLNSIG=Likely_pathogenic;CLNVC=single_nucleotide_variant;CLNVCSO=SO:0001483;GENEINFO=TMPRSS15:5651;MC=SO:0001574|splice_acceptor_variant;ORIGIN=1
ATG	T	G	-	CAT	A	C	gain	-16	21	34012105	1656870	A	C	.	.	ALLELEID=1562254;CLNDISDB=MONDO:MONDO:0014233,MedGen:C3809824,OMIM:615530|MONDO:MONDO:0033362,MedGen:C4479313,OMIM:617389;CLNDN=Early-onset_Parkinson_disease_20|Developmental_and_epileptic_encephalopathy,_53;CLNHGVS=NC_000021.8:g.34012105A>C;CLNREVSTAT=criteria_provided,_single_submitter;CLNSIG=Likely_benign;CLNVC=single_nucleotide_variant;CLNVCSO=SO:0001483;GENEINFO=SYNJ1:8867;MC=SO:0001627|intron_variant;ORIGIN=1
TAG	A	G	-	CTA	T	C	loss	-2	21	34018101	393360	T	C	.	.	ALLELEID=380180;CLNDISDB=MONDO:MONDO:0033362,MedGen:C4479313,OMIM:617389|MeSH:D030342,MedGen:C0950123;CLNDN=Developmental_and_epileptic_encephalopathy,_53|Inborn_genetic_diseases;CLNHGVS=NC_000021.8:g.34018101T>C;CLNREVSTAT=criteria_provided,_single_submitter;CLNSIG=Pathogenic;CLNVC=single_nucleotide_variant;CLNVCSO=SO:0001483;CLNVI=OMIM_Allelic_Variant:604297.0006;GENEINFO=SYNJ1:8867;MC=SO:0001574|splice_acceptor_variant;ORIGIN=1;RS=1057524880
AAG	A	G	-	CTT	T	C	neutral	-2	21	34053960	570738	T	C	.	.	ALLELEID=573062;CLNDISDB=MONDO:MONDO:0014233,MedGen:C3809824,OMIM:615530|MONDO:MONDO:0033362,MedGen:C4479313,OMIM:617389;CLNDN=Early-onset_Parkinson_disease_20|Developmental_and_epileptic_encephalopathy,_53;CLNHGVS=NC_000021.8:g.34053960T>C;CLNREVSTAT=criteria_provided,_single_submitter;CLNSIG=Likely_pathogenic;CLNVC=single_nucleotide_variant;CLNVCSO=SO:0001483;GENEINFO=SYNJ1:8867;MC=SO:0001574|splice_acceptor_variant;ORIGIN=1;RS=1569086116
ATT	T	G	-	AAT	A	C	gain	-20	21	34053978	1349652	A	C	.	.	ALLELEID=1394415;CLNDISDB=MONDO:MONDO:0014233,MedGen:C3809824,OMIM:615530|MONDO:MONDO:0033362,MedGen:C4479313,OMIM:617389;CLNDN=Early-onset_Parkinson_disease_20|Developmental_and_epileptic_encephalopathy,_53;CLNHGVS=NC_000021.8:g.34053978A>C;CLNREVSTAT=criteria_provided,_single_submitter;CLNSIG=Uncertain_significance;CLNVC=single_nucleotide_variant;CLNVCSO=SO:0001483;GENEINFO=SYNJ1:8867;MC=SO:0001627|intron_variant;ORIGIN=1
AAT	A	G	-	ATT	T	C	gain	-20	21	34060697	1354726	T	C	.	.	ALLELEID=1434311;CLNDISDB=MONDO:MONDO:0014233,MedGen:C3809824,OMIM:615530|MONDO:MONDO:0033362,MedGen:C4479313,OMIM:617389;CLNDN=Early-onset_Parkinson_disease_20|Developmental_and_epileptic_encephalopathy,_53;CLNHGVS=NC_000021.8:g.34060697T>C;CLNREVSTAT=criteria_provided,_single_submitter;CLNSIG=Uncertain_significance;CLNVC=single_nucleotide_variant;CLNVCSO=SO:0001483;GENEINFO=SYNJ1:8867;MC=SO:0001627|intron_variant;ORIGIN=1
AAT	A	G	-	ATT	T	C	gain	-9	21	34954370	431414	T	C	.	.	AF_EXAC=0.00005;ALLELEID=424937;CLNDISDB=MONDO:MONDO:0009619,MedGen:C1855079,OMIM:251230,Orphanet:ORPHA572768|MONDO:MONDO:0060533,MedGen:C4539873,OMIM:617604;CLNDN=Microcephaly-micromelia_syndrome|Microcephaly,_short_stature,_and_limb_abnormalities;CLNHGVS=NC_000021.8:g.34954370T>C;CLNREVSTAT=criteria_provided,_single_submitter;CLNSIG=Uncertain_significance;CLNVC=single_nucleotide_variant;CLNVCSO=SO:0001483;CLNVI=OMIM_Allelic_Variant:611428.0001;GENEINFO=DONSON:29980;MC=SO:0001627|intron_variant;ORIGIN=1;RS=779149681
AAG	A	G	-	CTT	T	C	neutral	-22	21	34955994	431416	T	C	.	.	ALLELEID=424939;CLNDISDB=MONDO:MONDO:0009619,MedGen:C1855079,OMIM:251230,Orphanet:ORPHA572768|MONDO:MONDO:0060533,MedGen:C4539873,OMIM:617604;CLNDN=Microcephaly-micromelia_syndrome|Microcephaly,_short_stature,_and_limb_abnormalities;CLNHGVS=NC_000021.8:g.34955994T>C;CLNREVSTAT=criteria_provided,_single_submitter;CLNSIG=Likely_pathogenic;CLNVC=single_nucleotide_variant;CLNVCSO=SO:0001483;CLNVI=OMIM_Allelic_Variant:611428.0003;GENEINFO=DONSON:29980;MC=SO:0001627|intron_variant;ORIGIN=1;RS=1135401960
CCG	C	A	-	CGG	G	T	gain	-10	21	36164917	869208	G	T	.	.	ALLELEID=857421;CLNDISDB=MONDO:MONDO:0100083,MeSH:C563324,MedGen:C1832388,OMIM:601399|MedGen:CN517202;CLNDN=Hereditary_thrombocytopenia_and_hematological_cancer_predisposition_syndrome_associated_with_RUNX1|not_provided;CLNHGVS=NC_000021.8:g.36164917G>T;CLNREVSTAT=reviewed_by_expert_panel;CLNSIG=Likely_pathogenic;CLNVC=single_nucleotide_variant;CLNVCSO=SO:0001483;CLNVI=ClinGen_Myeloid_Malignancy_Variant_Curation_Expert_Panel:d74d85e4-02fd-4212-a6a5-6ddfcac28021;GENEINFO=RUNX1:861;MC=SO:0001627|intron_variant;ORIGIN=1;RS=1476636108
ACA	C	G	-	TGT	G	C	gain	-3	21	36231878	1463552	G	C	.	.	ALLELEID=1508115;CLNDISDB=MONDO:MONDO:0100083,MeSH:C563324,MedGen:C1832388,OMIM:601399;CLNDN=Hereditary_thrombocytopenia_and_hematological_cancer_predisposition_syndrome_associated_with_RUNX1;CLNHGVS=NC_000021.8:g.36231878G>C;CLNREVSTAT=criteria_provided,_single_submitter;CLNSIG=Uncertain_significance;CLNVC=single_nucleotide_variant;CLNVCSO=SO:0001483;GENEINFO=RUNX1:861;MC=SO:0001627|intron_variant;ORIGIN=1
GTG	T	A	-	CAC	A	T	gain	-11	21	36231886	1547462	A	T	.	.	ALLELEID=1624536;CLNDISDB=MONDO:MONDO:0100083,MeSH:C563324,MedGen:C1832388,OMIM:601399;CLNDN=Hereditary_thrombocytopenia_and_hematological_cancer_predisposition_syndrome_associated_with_RUNX1;CLNHGVS=NC_000021.8:g.36231886A>T;CLNREVSTAT=criteria_provided,_single_submitter;CLNSIG=Likely_benign;CLNVC=single_nucleotide_variant;CLNVCSO=SO:0001483;GENEINFO=RUNX1:861;MC=SO:0001627|intron_variant;ORIGIN=1
AGG	G	T	-	CCT	C	A	loss	-1	21	36253011	14463	C	A	.	.	ALLELEID=29502;CLNDISDB=MONDO:MONDO:0100083,MeSH:C563324,MedGen:C1832388,OMIM:601399|MedGen:CN517202;CLNDN=Hereditary_thrombocytopenia_and_hematological_cancer_predisposition_syndrome_associated_with_RUNX1|not_provided;CLNHGVS=NC_000021.8:g.36253011C>A;CLNREVSTAT=reviewed_by_expert_panel;CLNSIG=Pathogenic;CLNVC=single_nucleotide_variant;CLNVCSO=SO:0001483;CLNVI=OMIM_Allelic_Variant:151385.0001|ClinGen_Myeloid_Malignancy_Variant_Curation_Expert_Panel:582e74ff-583d-43ab-9de0-41f6d60d889b;GENEINFO=RUNX1:861;MC=SO:0001574|splice_acceptor_variant;ORIGIN=1;RS=587776809
AGG	G	A	-	CCT	C	T	neutral	-1	21	36253011	436616	C	T	.	.	ALLELEID=430421;CLNDISDB=MONDO:MONDO:0100083,MeSH:C563324,MedGen:C1832388,OMIM:601399;CLNDN=Hereditary_thrombocytopenia_and_hematological_cancer_predisposition_syndrome_associated_with_RUNX1;CLNHGVS=NC_000021.8:g.36253011C>T;CLNREVSTAT=reviewed_by_expert_panel;CLNSIG=Pathogenic;CLNVC=single_nucleotide_variant;CLNVCSO=SO:0001483;CLNVI=ClinGen_Myeloid_Malignancy_Variant_Curation_Expert_Panel:bacb4dd5-65e9-43dd-9c45-b3d9b6a59f6d;GENEINFO=RUNX1:861;MC=SO:0001574|splice_acceptor_variant;ORIGIN=1;RS=587776809
AGA	G	A	-	TCT	C	T	loss	-1	21	36259394	988809	C	T	.	.	ALLELEID=976809;CLNDISDB=Human_Phenotype_Ontology:HP:0001873,Human_Phenotype_Ontology:HP:0001906,Human_Phenotype_Ontology:HP:0004838,Human_Phenotype_Ontology:HP:0008175,Human_Phenotype_Ontology:HP:0008268,Human_Phenotype_Ontology:HP:0008302,MONDO:MONDO:0002049,MeSH:D013921,MedGen:C0040034|Human_Phenotype_Ontology:HP:0001892,Human_Phenotype_Ontology:HP:0004830,Human_Phenotype_Ontology:HP:0004834,Human_Phenotype_Ontology:HP:0004849,Human_Phenotype_Ontology:HP:0004862,Human_Phenotype_Ontology:HP:0004865,Human_Phenotype_Ontology:HP:0008183,MedGen:C1458140;CLNDN=Thrombocytopenia|Abnormal_bleeding;CLNHGVS=NC_000021.8:g.36259394C>T;CLNREVSTAT=no_assertion_criteria_provided;CLNSIG=Pathogenic;CLNVC=single_nucleotide_variant;CLNVCSO=SO:0001483;GENEINFO=RUNX1:861;MC=SO:0001574|splice_acceptor_variant,SO:0001583|missense_variant;ORIGIN=1;RS=2058006300
AGT	G	A	-	ACT	C	T	loss	-1	21	38126719	590835	C	T	.	.	ALLELEID=581778;CLNDISDB=MONDO:MONDO:0009666,MedGen:C0268581,OMIM:253270,Orphanet:ORPHA79242;CLNDN=Holocarboxylase_synthetase_deficiency;CLNHGVS=NC_000021.8:g.38126719C>T;CLNREVSTAT=no_assertion_criteria_provided;CLNSIG=Uncertain_significance;CLNVC=single_nucleotide_variant;CLNVCSO=SO:0001483;GENEINFO=HLCS:3141;MC=SO:0001574|splice_acceptor_variant;ORIGIN=1;RS=1158898827
CGG	G	A	-	CCG	C	T	gain	-30	21	38132172	256035	C	T	.	.	AF_ESP=0.42565;AF_TGP=0.38299;ALLELEID=257461;CLNDISDB=MONDO:MONDO:0009666,MedGen:C0268581,OMIM:253270,Orphanet:ORPHA79242|MedGen:CN169374|MedGen:CN517202;CLNDN=Holocarboxylase_synthetase_deficiency|not_specified|not_provided;CLNHGVS=NC_000021.8:g.38132172C>T;CLNREVSTAT=criteria_provided,_multiple_submitters,_no_conflicts;CLNSIG=Benign;CLNVC=single_nucleotide_variant;CLNVCSO=SO:0001483;GENEINFO=HLCS:3141;MC=SO:0001627|intron_variant;ORIGIN=1;RS=2073420
AGG	G	C	-	CCT	C	G	loss	-1	21	38269432	1525644	C	G	.	.	ALLELEID=1360102;CLNDISDB=MONDO:MONDO:0009666,MedGen:C0268581,OMIM:253270,Orphanet:ORPHA79242;CLNDN=Holocarboxylase_synthetase_deficiency;CLNHGVS=NC_000021.8:g.38269432C>G;CLNREVSTAT=criteria_provided,_single_submitter;CLNSIG=Likely_pathogenic;CLNVC=single_nucleotide_variant;CLNVCSO=SO:0001483;GENEINFO=HLCS:3141;MC=SO:0001574|splice_acceptor_variant;ORIGIN=1
CAG	A	G	-	CTG	T	C	loss	-2	21	38269433	553797	T	C	.	.	ALLELEID=549020;CLNDISDB=MONDO:MONDO:0009666,MedGen:C0268581,OMIM:253270,Orphanet:ORPHA79242;CLNDN=Holocarboxylase_synthetase_deficiency;CLNHGVS=NC_000021.8:g.38269433T>C;CLNREVSTAT=criteria_provided,_single_submitter;CLNSIG=Likely_pathogenic;CLNVC=single_nucleotide_variant;CLNVCSO=SO:0001483;GENEINFO=HLCS:3141;MC=SO:0001574|splice_acceptor_variant;ORIGIN=0;RS=750728042
ATG	T	A	-	CAT	A	T	gain	-8	21	38309700	1517379	A	T	.	.	ALLELEID=1515538;CLNDISDB=MONDO:MONDO:0009666,MedGen:C0268581,OMIM:253270,Orphanet:ORPHA79242;CLNDN=Holocarboxylase_synthetase_deficiency;CLNHGVS=NC_000021.8:g.38309700A>T;CLNREVSTAT=criteria_provided,_single_submitter;CLNSIG=Uncertain_significance;CLNVC=single_nucleotide_variant;CLNVCSO=SO:0001483;GENEINFO=HLCS:3141;MC=SO:0001627|intron_variant;ORIGIN=1
CAG	A	G	-	CTG	T	C	loss	-2	21	38439682	1478317	T	C	.	.	ALLELEID=1351824;CLNDISDB=MedGen:CN517202;CLNDN=not_provided;CLNHGVS=NC_000021.8:g.38439682T>C;CLNREVSTAT=criteria_provided,_single_submitter;CLNSIG=Uncertain_significance;CLNVC=single_nucleotide_variant;CLNVCSO=SO:0001483;GENEINFO=PIGP:51227;MC=SO:0001574|splice_acceptor_variant;ORIGIN=1
AGG	G	C	-	CCT	C	G	loss	-1	21	43795978	828127	C	G	.	.	ALLELEID=816510;CLNDISDB=MONDO:MONDO:0010987,MedGen:C1832827,OMIM:601072;CLNDN=Autosomal_recessive_nonsyndromic_hearing_loss_8;CLNHGVS=NC_000021.8:g.43795978C>G;CLNREVSTAT=no_assertion_criteria_provided;CLNSIG=Pathogenic;CLNVC=single_nucleotide_variant;CLNVCSO=SO:0001483;GENEINFO=TMPRSS3:64699;MC=SO:0001574|splice_acceptor_variant;ORIGIN=1;RS=1601514990
AGC	G	A	-	GCT	C	T	loss	-4	21	43800325	1662118	C	T	.	.	ALLELEID=1577000;CLNDISDB=MedGen:CN517202;CLNDN=not_provided;CLNHGVS=NC_000021.8:g.43800325C>T;CLNREVSTAT=criteria_provided,_single_submitter;CLNSIG=Likely_benign;CLNVC=single_nucleotide_variant;CLNVCSO=SO:0001483;GENEINFO=TMPRSS3:64699;MC=SO:0001627|intron_variant;ORIGIN=1
AGC	G	T	-	GCT	C	A	loss	-1	21	43802344	562094	C	A	.	.	ALLELEID=553272;CLNDISDB=MONDO:MONDO:0010987,MedGen:C1832827,OMIM:601072|MONDO:MONDO:0019588,MedGen:C1846647,OMIM:607197,OMIM:PS220290,Orphanet:ORPHA90636;CLNDN=Autosomal_recessive_nonsyndromic_hearing_loss_8|Hearing_loss,_autosomal_recessive;CLNHGVS=NC_000021.8:g.43802344C>A;CLNREVSTAT=no_assertion_criteria_provided;CLNSIG=Pathogenic/Likely_pathogenic;CLNVC=single_nucleotide_variant;CLNVCSO=SO:0001483;GENEINFO=TMPRSS3:64699;MC=SO:0001574|splice_acceptor_variant;ORIGIN=5;RS=1237955948
CGG	G	A	-	CCG	C	T	gain	-6	21	43808641	46113	C	T	.	.	AF_ESP=0.00008;AF_EXAC=0.00006;AF_TGP=0.00020;ALLELEID=55278;CLNDISDB=.|Human_Phenotype_Ontology:HP:0000365,Human_Phenotype_Ontology:HP:0000404,Human_Phenotype_Ontology:HP:0001728,Human_Phenotype_Ontology:HP:0001729,Human_Phenotype_Ontology:HP:0001754,Human_Phenotype_Ontology:HP:0008560,Human_Phenotype_Ontology:HP:0008563,MONDO:MONDO:0005365,MedGen:C1384666|MONDO:MONDO:0010987,MedGen:C1832827,OMIM:601072|MONDO:MONDO:0019588,MedGen:C1846647,OMIM:607197,OMIM:PS220290,Orphanet:ORPHA90636|MedGen:CN517202|MedGen:CN826980,Orphanet:ORPHA96210;CLNDN=Childhood_onset_hearing_loss|Hearing_impairment|Autosomal_recessive_nonsyndromic_hearing_loss_8|Hearing_loss,_autosomal_recessive|not_provided|Rare_genetic_deafness;CLNHGVS=NC_000021.8:g.43808641C>T;CLNREVSTAT=criteria_provided,_conflicting_interpretations;CLNSIG=Conflicting_interpretations_of_pathogenicity;CLNSIGCONF=Pathogenic(3)|_Uncertain_significance(1);CLNVC=single_nucleotide_variant;CLNVCSO=SO:0001483;CLNVI=OMIM_Allelic_Variant:605511.0002;GENEINFO=TMPRSS3:64699;MC=SO:0001627|intron_variant;ORIGIN=5;RS=374793617
CAG	A	C	-	CTG	T	G	loss	-2	21	43906573	66990	T	G	.	.	AF_ESP=0.00069;AF_EXAC=0.00036;ALLELEID=77875;CLNDISDB=Human_Phenotype_Ontology:HP:0012265,MONDO:MONDO:0016575,MedGen:C0008780,OMIM:PS244400,Orphanet:ORPHA244|MONDO:MONDO:0009484,MedGen:C4551906,OMIM:244400,Orphanet:ORPHA98861,SNOMED_CT:42402006|MONDO:MONDO:0014202,MedGen:C3809634,OMIM:615481|MedGen:CN517202;CLNDN=Primary_ciliary_dyskinesia|Kartagener_syndrome|Primary_ciliary_dyskinesia_24|not_provided;CLNHGVS=NC_000021.8:g.43906573T>G;CLNREVSTAT=criteria_provided,_multiple_submitters,_no_conflicts;CLNSIG=Pathogenic;CLNVC=single_nucleotide_variant;CLNVCSO=SO:0001483;CLNVI=OMIM_Allelic_Variant:609314.0004;GENEINFO=RSPH1:89765;MC=SO:0001574|splice_acceptor_variant;ORIGIN=5;RS=151107532
CAG	A	C	-	CTG	T	G	loss	-2	21	44282506	619605	T	G	.	.	ALLELEID=611003;CLNDISDB=MONDO:MONDO:0009627,MedGen:C0795949,OMIM:PS251300,Orphanet:ORPHA2065|MONDO:MONDO:0032691,MedGen:C5193043,OMIM:618347;CLNDN=Galloway-Mowat_syndrome|Galloway-Mowat_syndrome_6;CLNHGVS=NC_000021.8:g.44282506T>G;CLNREVSTAT=criteria_provided,_single_submitter;CLNSIG=Likely_pathogenic;CLNVC=single_nucleotide_variant;CLNVCSO=SO:0001483;CLNVI=OMIM_Allelic_Variant:605924.0006|Broad_Institute_Rare_Disease_Group,_Broad_Institute:93d23fed-2a61-4cd8-bba5-a810811c67be;GENEINFO=WDR4:10785;MC=SO:0001574|splice_acceptor_variant;ORIGIN=1;RS=779449710
AGA	G	C	-	TCT	C	G	loss	-1	21	44474094	554133	C	G	.	.	ALLELEID=549266;CLNDISDB=MONDO:MONDO:0009352,MedGen:C0751202,OMIM:236200,Orphanet:ORPHA394;CLNDN=Classic_homocystinuria;CLNHGVS=NC_000021.8:g.44474094C>G;CLNREVSTAT=criteria_provided,_conflicting_interpretations;CLNSIG=Conflicting_interpretations_of_pathogenicity;CLNSIGCONF=Likely_pathogenic(1)|_Uncertain_significance(1);CLNVC=single_nucleotide_variant;CLNVCSO=SO:0001483;GENEINFO=CBS:875;MC=SO:0001574|splice_acceptor_variant;ORIGIN=1;RS=1555869979
CAG	A	C	-	CTG	T	G	loss	-2	21	44474095	556031	T	G	.	.	ALLELEID=549105;CLNDISDB=MONDO:MONDO:0009352,MedGen:C0751202,OMIM:236200,Orphanet:ORPHA394;CLNDN=Classic_homocystinuria;CLNHGVS=NC_000021.8:g.44474095T>G;CLNREVSTAT=criteria_provided,_conflicting_interpretations;CLNSIG=Conflicting_interpretations_of_pathogenicity;CLNSIGCONF=Likely_pathogenic(1)|_Uncertain_significance(1);CLNVC=single_nucleotide_variant;CLNVCSO=SO:0001483;GENEINFO=CBS:875;MC=SO:0001574|splice_acceptor_variant;ORIGIN=1;RS=760609383
AGA	G	A	-	TCT	C	T	loss	-1	21	44476998	370957	C	T	.	.	ALLELEID=358633;CLNDISDB=MONDO:MONDO:0009352,MedGen:C0751202,OMIM:236200,Orphanet:ORPHA394|MedGen:C3150344;CLNDN=Classic_homocystinuria|HYPERHOMOCYSTEINEMIA,_THROMBOTIC,_CBS-RELATED;CLNHGVS=NC_000021.8:g.44476998C>T;CLNREVSTAT=criteria_provided,_multiple_submitters,_no_conflicts;CLNSIG=Likely_pathogenic;CLNVC=single_nucleotide_variant;CLNVCSO=SO:0001483;GENEINFO=CBS:875;MC=SO:0001574|splice_acceptor_variant;ORIGIN=1;RS=1057516895
AGG	G	C	-	CCT	C	G	loss	-1	21	44478364	554614	C	G	.	.	ALLELEID=549424;CLNDISDB=MONDO:MONDO:0009352,MedGen:C0751202,OMIM:236200,Orphanet:ORPHA394;CLNDN=Classic_homocystinuria;CLNHGVS=NC_000021.8:g.44478364C>G;CLNREVSTAT=criteria_provided,_multiple_submitters,_no_conflicts;CLNSIG=Likely_pathogenic;CLNVC=single_nucleotide_variant;CLNVCSO=SO:0001483;GENEINFO=CBS:875;MC=SO:0001574|splice_acceptor_variant;ORIGIN=1;RS=865990681
CAG	A	C	-	CTG	T	G	loss	-2	21	44479080	128	T	G	.	.	AF_ESP=0.00008;AF_EXAC=0.00015;ALLELEID=15167;CLNDISDB=Human_Phenotype_Ontology:HP:0002156,MONDO:MONDO:0004737,MedGen:C0019880|MONDO:MONDO:0009352,MedGen:C0751202,OMIM:236200,Orphanet:ORPHA394|MedGen:C3502110|MedGen:CN517202;CLNDN=Homocystinuria|Classic_homocystinuria|Homocystinuria,_pyridoxine-responsive|not_provided;CLNHGVS=NC_000021.8:g.44479080T>G;CLNREVSTAT=criteria_provided,_multiple_submitters,_no_conflicts;CLNSIG=Pathogenic;CLNVC=single_nucleotide_variant;CLNVCSO=SO:0001483;CLNVI=Illumina_Laboratory_Services,Illumina:708457|OMIM_Allelic_Variant:613381.0012;GENEINFO=CBS:875;MC=SO:0001574|splice_acceptor_variant;ORIGIN=1;RS=375846341
AGA	G	C	-	TCT	C	G	loss	-1	21	44483189	557534	C	G	.	.	ALLELEID=549107;CLNDISDB=MONDO:MONDO:0009352,MedGen:C0751202,OMIM:236200,Orphanet:ORPHA394;CLNDN=Classic_homocystinuria;CLNHGVS=NC_000021.8:g.44483189C>G;CLNREVSTAT=criteria_provided,_single_submitter;CLNSIG=Likely_pathogenic;CLNVC=single_nucleotide_variant;CLNVCSO=SO:0001483;GENEINFO=CBS:875;MC=SO:0001574|splice_acceptor_variant;ORIGIN=0;RS=1555874263
AGG	G	C	-	CCT	C	G	loss	-1	21	44484102	471366	C	G	.	.	AF_EXAC=0.00001;ALLELEID=471223;CLNDISDB=Human_Phenotype_Ontology:HP:0002156,MONDO:MONDO:0004737,MedGen:C0019880|MONDO:MONDO:0009352,MedGen:C0751202,OMIM:236200,Orphanet:ORPHA394;CLNDN=Homocystinuria|Classic_homocystinuria;CLNHGVS=NC_000021.8:g.44484102C>G;CLNREVSTAT=criteria_provided,_multiple_submitters,_no_conflicts;CLNSIG=Pathogenic/Likely_pathogenic;CLNVC=single_nucleotide_variant;CLNVCSO=SO:0001483;GENEINFO=CBS:875;MC=SO:0001574|splice_acceptor_variant;ORIGIN=1;RS=757428597
AGT	G	C	-	ACT	C	G	loss	-1	21	44485383	1326932	C	G	.	.	ALLELEID=1317394;CLNDISDB=MONDO:MONDO:0009352,MedGen:C0751202,OMIM:236200,Orphanet:ORPHA394;CLNDN=Classic_homocystinuria;CLNHGVS=NC_000021.8:g.44485383C>G;CLNREVSTAT=no_assertion_criteria_provided;CLNSIG=Pathogenic;CLNVC=single_nucleotide_variant;CLNVCSO=SO:0001483;GENEINFO=CBS:875;MC=SO:0001574|splice_acceptor_variant;ORIGIN=1
AGG	G	A	-	CCT	C	T	neutral	-1	21	44485632	1361476	C	T	.	.	ALLELEID=1476200;CLNDISDB=MedGen:C3150344;CLNDN=HYPERHOMOCYSTEINEMIA,_THROMBOTIC,_CBS-RELATED;CLNHGVS=NC_000021.8:g.44485632C>T;CLNREVSTAT=criteria_provided,_single_submitter;CLNSIG=Pathogenic;CLNVC=single_nucleotide_variant;CLNVCSO=SO:0001483;GENEINFO=CBS:875;MC=SO:0001574|splice_acceptor_variant;ORIGIN=1
CAG	A	G	-	CTG	T	C	loss	-2	21	44485633	582633	T	C	.	.	ALLELEID=573811;CLNDISDB=MONDO:MONDO:0009352,MedGen:C0751202,OMIM:236200,Orphanet:ORPHA394;CLNDN=Classic_homocystinuria;CLNHGVS=NC_000021.8:g.44485633T>C;CLNREVSTAT=criteria_provided,_single_submitter;CLNSIG=Likely_pathogenic;CLNVC=single_nucleotide_variant;CLNVCSO=SO:0001483;GENEINFO=CBS:875;MC=SO:0001574|splice_acceptor_variant;ORIGIN=1;RS=1568932835
CAG	A	G	-	CTG	T	C	loss	-2	21	44486489	1067328	T	C	.	.	ALLELEID=1056647;CLNDISDB=MONDO:MONDO:0009352,MedGen:C0751202,OMIM:236200,Orphanet:ORPHA394;CLNDN=Classic_homocystinuria;CLNHGVS=NC_000021.8:g.44486489T>C;CLNREVSTAT=criteria_provided,_single_submitter;CLNSIG=Likely_pathogenic;CLNVC=single_nucleotide_variant;CLNVCSO=SO:0001483;GENEINFO=CBS:875;MC=SO:0001574|splice_acceptor_variant;ORIGIN=1
AGG	G	C	-	CCT	C	G	loss	-1	21	44488726	1501269	C	G	.	.	ALLELEID=1402017;CLNDISDB=MedGen:C3150344;CLNDN=HYPERHOMOCYSTEINEMIA,_THROMBOTIC,_CBS-RELATED;CLNHGVS=NC_000021.8:g.44488726C>G;CLNREVSTAT=criteria_provided,_single_submitter;CLNSIG=Likely_pathogenic;CLNVC=single_nucleotide_variant;CLNVCSO=SO:0001483;GENEINFO=CBS:875;MC=SO:0001574|splice_acceptor_variant;ORIGIN=1
CAG	A	G	-	CTG	T	C	loss	-2	21	44837656	570900	T	C	.	.	ALLELEID=573822;CLNDISDB=MONDO:MONDO:0014595,MedGen:C4225360,OMIM:616341;CLNDN=Developmental_and_epileptic_encephalopathy,_30;CLNHGVS=NC_000021.8:g.44837656T>C;CLNREVSTAT=criteria_provided,_single_submitter;CLNSIG=Uncertain_significance;CLNVC=single_nucleotide_variant;CLNVCSO=SO:0001483;GENEINFO=SIK1:150094;MC=SO:0001574|splice_acceptor_variant;ORIGIN=1;RS=1569014372
CGG	G	A	-	CCG	C	T	gain	-8	21	44839366	752978	C	T	.	.	AF_ESP=0.00008;ALLELEID=776818;CLNDISDB=MONDO:MONDO:0014595,MedGen:C4225360,OMIM:616341;CLNDN=Developmental_and_epileptic_encephalopathy,_30;CLNHGVS=NC_000021.8:g.44839366C>T;CLNREVSTAT=criteria_provided,_single_submitter;CLNSIG=Likely_benign;CLNVC=single_nucleotide_variant;CLNVCSO=SO:0001483;GENEINFO=SIK1:150094;MC=SO:0001627|intron_variant;ORIGIN=1;RS=375763167
CGG	G	A	-	CCG	C	T	gain	-28	21	44841945	1332962	C	T	.	.	ALLELEID=1323692;CLNDISDB=MONDO:MONDO:0014595,MedGen:C4225360,OMIM:616341;CLNDN=Developmental_and_epileptic_encephalopathy,_30;CLNHGVS=NC_000021.8:g.44841945C>T;CLNREVSTAT=criteria_provided,_single_submitter;CLNSIG=Benign;CLNVC=single_nucleotide_variant;CLNVCSO=SO:0001483;GENEINFO=SIK1:150094;MC=SO:0001627|intron_variant;ORIGIN=1
CAG	A	G	-	CTG	T	C	loss	-2	21	45194213	55959	T	C	.	.	ALLELEID=70598;CLNDISDB=MONDO:MONDO:0009698,MedGen:C0751785,OMIM:254800,Orphanet:ORPHA308,SNOMED_CT:230423006;CLNDN=Unverricht-Lundborg_syndrome;CLNHGVS=NC_000021.8:g.45194213T>C;CLNREVSTAT=no_assertion_criteria_provided;CLNSIG=Pathogenic/Likely_pathogenic;CLNVC=single_nucleotide_variant;CLNVCSO=SO:0001483;GENEINFO=CSTB:1476;MC=SO:0001574|splice_acceptor_variant;ORIGIN=1;RS=386833441
AGG	G	C	-	CCT	C	G	loss	-1	21	45194641	8395	C	G	.	.	AF_ESP=0.00015;AF_EXAC=0.00010;AF_TGP=0.00020;ALLELEID=23434;CLNDISDB=Human_Phenotype_Ontology:HP:0000252,Human_Phenotype_Ontology:HP:0001366,Human_Phenotype_Ontology:HP:0005485,Human_Phenotype_Ontology:HP:0005489,Human_Phenotype_Ontology:HP:0005497,MONDO:MONDO:0001149,MedGen:C4551563|Human_Phenotype_Ontology:HP:0001298,MedGen:C0085584,SNOMED_CT:155053002|Human_Phenotype_Ontology:HP:0002072,Human_Phenotype_Ontology:HP:0002397,MONDO:MONDO:0001595,MedGen:C0008489,Orphanet:ORPHA1429|Human_Phenotype_Ontology:HP:0007134,Human_Phenotype_Ontology:HP:0007217,Human_Phenotype_Ontology:HP:0007266,MedGen:C1854885|Human_Phenotype_Ontology:HP:0100660,MedGen:C0013384|MONDO:MONDO:0009698,MedGen:C0751785,OMIM:254800,Orphanet:ORPHA308,SNOMED_CT:230423006|MONDO:MONDO:0020074,MedGen:C0751778,OMIM:PS254800,Orphanet:ORPHA98261,SNOMED_CT:267581004|MeSH:D030342,MedGen:C0950123|MedGen:CN233037|MedGen:CN517202;CLNDN=Microcephaly|Encephalopathy|Chorea|Cerebral_dysmyelination|Dyskinesia|Unverricht-Lundborg_syndrome|Progressive_myoclonic_epilepsy|Inborn_genetic_diseases|Epilepsy,_progressive_myoclonic_1A_(Unverricht_and_Lundborg)|not_provided;CLNHGVS=NC_000021.8:g.45194641C>G;CLNREVSTAT=criteria_provided,_conflicting_interpretations;CLNSIG=Conflicting_interpretations_of_pathogenicity;CLNSIGCONF=Pathogenic(11)|_Uncertain_significance(1);CLNVC=single_nucleotide_variant;CLNVCSO=SO:0001483;CLNVI=OMIM_Allelic_Variant:601145.0001|Illumina_Laboratory_Services,Illumina:448870;GENEINFO=CSTB:1476;MC=SO:0001574|splice_acceptor_variant;ORIGIN=5;RS=147484110
AGA	G	C	-	TCT	C	G	loss	-1	21	45750210	812234	C	G	.	.	ALLELEID=800702;CLNDISDB=Human_Phenotype_Ontology:HP:0000547,MONDO:MONDO:0019200,MeSH:D012174,MedGen:C0035334,OMIM:268000,OMIM:PS268000,Orphanet:ORPHA791,SNOMED_CT:28835009;CLNDN=Retinitis_pigmentosa;CLNHGVS=NC_000021.8:g.45750210C>G;CLNREVSTAT=no_assertion_criteria_provided;CLNSIG=Pathogenic;CLNVC=single_nucleotide_variant;CLNVCSO=SO:0001483;GENEINFO=CFAP410:755;MC=SO:0001574|splice_acceptor_variant;ORIGIN=4;RS=1602071514
CAG	A	G	-	CTG	T	C	loss	-2	21	45750211	812235	T	C	.	.	ALLELEID=800703;CLNDISDB=MONDO:MONDO:0018998,MeSH:D057130,MedGen:C0339527,OMIM:PS204000,Orphanet:ORPHA65,SNOMED_CT:193413001;CLNDN=Leber_congenital_amaurosis;CLNHGVS=NC_000021.8:g.45750211T>C;CLNREVSTAT=no_assertion_criteria_provided;CLNSIG=Pathogenic;CLNVC=single_nucleotide_variant;CLNVCSO=SO:0001483;GENEINFO=CFAP410:755;MC=SO:0001574|splice_acceptor_variant;ORIGIN=4;RS=1602071524
TAG	A	T	-	CTA	T	A	loss	-23	21	45750232	428579	T	A	.	.	ALLELEID=420013;CLNDISDB=MONDO:MONDO:0011211,MedGen:C1865695,OMIM:602271,Orphanet:ORPHA168549;CLNDN=Axial_spondylometaphyseal_dysplasia;CLNHGVS=NC_000021.8:g.45750232T>A;CLNREVSTAT=criteria_provided,_single_submitter;CLNSIG=Pathogenic;CLNVC=single_nucleotide_variant;CLNVCSO=SO:0001483;CLNVI=OMIM_Allelic_Variant:603191.0007;GENEINFO=CFAP410:755;MC=SO:0001627|intron_variant;ORIGIN=1;RS=1131690800
CAG	A	G	-	CTG	T	C	loss	-2	21	45941997	1325244	T	C	.	.	ALLELEID=1315502;CLNDISDB=MedGen:CN517202;CLNDN=not_provided;CLNHGVS=NC_000021.8:g.45941997T>C;CLNREVSTAT=no_assertion_criteria_provided;CLNSIG=Likely_pathogenic;CLNVC=single_nucleotide_variant;CLNVCSO=SO:0001483;GENEINFO=TSPEAR:54084;MC=SO:0001574|splice_acceptor_variant;ORIGIN=1
ACG	C	G	-	CGT	G	C	gain	-26	21	45945748	1215250	G	C	.	.	ALLELEID=1205233;CLNDISDB=MedGen:CN517202;CLNDN=not_provided;CLNHGVS=NC_000021.8:g.45945748G>C;CLNREVSTAT=criteria_provided,_single_submitter;CLNSIG=Likely_benign;CLNVC=single_nucleotide_variant;CLNVCSO=SO:0001483;GENEINFO=TSPEAR:54084;MC=SO:0001627|intron_variant;ORIGIN=1
CTG	T	A	-	CAG	A	T	gain	-10	21	46311921	340157	A	T	.	.	ALLELEID=350803;CLNDISDB=MONDO:MONDO:0007293,MedGen:C0398738,OMIM:116920,Orphanet:ORPHA99842;CLNDN=Leukocyte_adhesion_deficiency_1;CLNHGVS=NC_000021.8:g.46311921A>T;CLNREVSTAT=criteria_provided,_single_submitter;CLNSIG=Uncertain_significance;CLNVC=single_nucleotide_variant;CLNVCSO=SO:0001483;CLNVI=Illumina_Laboratory_Services,Illumina:722273;GENEINFO=ITGB2:3689;MC=SO:0001627|intron_variant;ORIGIN=1;RS=886057118
AGA	G	C	-	TCT	C	G	loss	-1	21	46314976	1339025	C	G	.	.	ALLELEID=1330068;CLNDISDB=MONDO:MONDO:0007293,MedGen:C0398738,OMIM:116920,Orphanet:ORPHA99842;CLNDN=Leukocyte_adhesion_deficiency_1;CLNHGVS=NC_000021.8:g.46314976C>G;CLNREVSTAT=criteria_provided,_single_submitter;CLNSIG=Likely_pathogenic;CLNVC=single_nucleotide_variant;CLNVCSO=SO:0001483;GENEINFO=ITGB2:3689;MC=SO:0001574|splice_acceptor_variant;ORIGIN=1
CTG	T	A	-	CAG	A	T	gain	-19	21	46314994	1588893	A	T	.	.	ALLELEID=1553801;CLNDISDB=MONDO:MONDO:0007293,MedGen:C0398738,OMIM:116920,Orphanet:ORPHA99842;CLNDN=Leukocyte_adhesion_deficiency_1;CLNHGVS=NC_000021.8:g.46314994A>T;CLNREVSTAT=criteria_provided,_single_submitter;CLNSIG=Likely_benign;CLNVC=single_nucleotide_variant;CLNVCSO=SO:0001483;GENEINFO=ITGB2:3689;MC=SO:0001627|intron_variant;ORIGIN=1
AGG	G	C	-	CCT	C	G	loss	-1	21	46319078	1511450	C	G	.	.	ALLELEID=1458931;CLNDISDB=MONDO:MONDO:0007293,MedGen:C0398738,OMIM:116920,Orphanet:ORPHA99842;CLNDN=Leukocyte_adhesion_deficiency_1;CLNHGVS=NC_000021.8:g.46319078C>G;CLNREVSTAT=criteria_provided,_single_submitter;CLNSIG=Likely_pathogenic;CLNVC=single_nucleotide_variant;CLNVCSO=SO:0001483;GENEINFO=ITGB2:3689;MC=SO:0001574|splice_acceptor_variant;ORIGIN=1
ACG	C	A	-	CGT	G	T	gain	-14	21	46320404	942517	G	T	.	.	ALLELEID=940519;CLNDISDB=MONDO:MONDO:0007293,MedGen:C0398738,OMIM:116920,Orphanet:ORPHA99842;CLNDN=Leukocyte_adhesion_deficiency_1;CLNHGVS=NC_000021.8:g.46320404G>T;CLNREVSTAT=criteria_provided,_single_submitter;CLNSIG=Pathogenic;CLNVC=single_nucleotide_variant;CLNVCSO=SO:0001483;CLNVI=OMIM_Allelic_Variant:600065.0007|OMIM_Allelic_Variant:600065.0006;GENEINFO=ITGB2:3689;MC=SO:0001627|intron_variant;ORIGIN=1;RS=183204825;CLNDISDBINCL=MONDO:MONDO:0007293,MedGen:C0398738,OMIM:116920,Orphanet:ORPHA99842;CLNDNINCL=Leukocyte_adhesion_deficiency_1;CLNSIGINCL=1065606:Pathogenic
CGG	G	A	-	CCG	C	T	gain	-15	21	46330302	340181	C	T	.	.	AF_ESP=0.01630;AF_EXAC=0.00442;AF_TGP=0.01438;ALLELEID=346667;CLNDISDB=MONDO:MONDO:0007293,MedGen:C0398738,OMIM:116920,Orphanet:ORPHA99842;CLNDN=Leukocyte_adhesion_deficiency_1;CLNHGVS=NC_000021.8:g.46330302C>T;CLNREVSTAT=criteria_provided,_multiple_submitters,_no_conflicts;CLNSIG=Benign;CLNVC=single_nucleotide_variant;CLNVCSO=SO:0001483;CLNVI=Illumina_Laboratory_Services,Illumina:758238;GENEINFO=ITGB2:3689;MC=SO:0001623|5_prime_UTR_variant,SO:0001627|intron_variant;ORIGIN=1;RS=74539155
AGC	G	A	-	GCT	C	T	loss	-16	21	47571667	1644021	C	T	.	.	ALLELEID=1651759;CLNDISDB=MONDO:MONDO:0009240,MedGen:C0268609,OMIM:229100,Orphanet:ORPHA51208,SNOMED_CT:59761008;CLNDN=Glutamate_formiminotransferase_deficiency;CLNHGVS=NC_000021.8:g.47571667C>T;CLNREVSTAT=criteria_provided,_single_submitter;CLNSIG=Benign;CLNVC=single_nucleotide_variant;CLNVCSO=SO:0001483;GENEINFO=FTCD:10841|FTCD-AS1:100861507;MC=SO:0001619|non-coding_transcript_variant,SO:0001627|intron_variant;ORIGIN=1
AGG	G	A	-	CCT	C	T	neutral	-1	21	47641890	1098866	C	T	.	.	ALLELEID=1087612;CLNDISDB=MONDO:MONDO:0030009,MedGen:C5394241,OMIM:618840;CLNDN=Alopecia-intellectual_disability_syndrome_4;CLNHGVS=NC_000021.8:g.47641890C>T;CLNREVSTAT=criteria_provided,_single_submitter;CLNSIG=Likely_pathogenic;CLNVC=single_nucleotide_variant;CLNVCSO=SO:0001483;GENEINFO=LSS:4047;MC=SO:0001574|splice_acceptor_variant;ORIGIN=1
CGG	G	A	-	CCG	C	T	gain	-19	21	47674459	1466709	C	T	.	.	ALLELEID=1348067;CLNDISDB=MedGen:CN517202;CLNDN=not_provided;CLNHGVS=NC_000021.8:g.47674459C>T;CLNREVSTAT=criteria_provided,_single_submitter;CLNSIG=Uncertain_significance;CLNVC=single_nucleotide_variant;CLNVCSO=SO:0001483;GENEINFO=MCM3AP:8888;MC=SO:0001627|intron_variant;ORIGIN=1
CGG	G	A	-	CCG	C	T	gain	-20	21	47700509	1488904	C	T	.	.	ALLELEID=1498396;CLNDISDB=MedGen:CN517202;CLNDN=not_provided;CLNHGVS=NC_000021.8:g.47700509C>T;CLNREVSTAT=criteria_provided,_single_submitter;CLNSIG=Uncertain_significance;CLNVC=single_nucleotide_variant;CLNVCSO=SO:0001483;GENEINFO=MCM3AP:8888;MC=SO:0001627|intron_variant;ORIGIN=1
